drug_idx	drug_name	0	1	2	3	4	5	6	7	8	9	10	11	12	13	14	15	16	17	18	19	20	21	22	23	24	25	26	27	28	29	30	31	32	33	34	35	36	37	38	39	40	41	42	43	44	45	46	47	48	49	50	51	52	53	54	55	56	57	58	59	60	61	62	63	64	65	66	67	68	69	70	71	72	73	74	75	76	77	78	79	80	81	82	83	84	85	86	87	88	89	90	91	92	93	94	95	96	97	98	99	100	101	102	103	104	105	106	107	108	109	110	111	112	113	114	115	116	117	118	119	120	121	122	123	124	125	126	127
0	Afatinib	1	0	0	1	0	1	0	0	1	0	1	1	1	0	0	1	1	0	1	1	0	0	0	0	1	0	1	0	0	1	1	1	1	1	1	1	0	0	1	1	0	0	0	0	1	1	0	0	1	1	1	0	0	0	1	1	0	1	0	1	0	0	0	1	0	1	0	0	1	0	0	0	1	1	1	1	1	1	0	0	1	1	0	0	0	0	1	1	1	0	0	0	0	0	0	0	0	0	0	0	1	0	0	0	0	1	0	1	0	0	1	0	0	1	0	0	0	0	0	1	1	0	1	1	0	1	1	0
1	AKT inhibitor VIII	1	0	0	0	1	1	0	0	1	0	1	0	0	0	0	0	1	0	1	1	0	1	0	0	0	0	0	1	0	0	1	0	1	0	0	0	0	1	0	1	0	0	0	0	1	1	0	1	0	0	0	1	0	0	1	0	0	0	1	0	0	0	0	1	1	0	1	1	0	0	0	0	1	1	1	0	0	0	0	1	1	1	0	0	0	0	1	1	0	0	1	1	0	0	1	0	1	0	0	0	1	1	0	0	0	1	0	1	0	1	0	0	0	0	0	0	1	1	1	1	0	0	1	1	0	0	1	1
2	Alectinib	0	0	0	0	0	0	0	1	1	0	1	1	0	0	0	1	1	0	0	0	0	0	1	1	0	1	0	0	0	0	1	1	1	1	1	0	1	0	1	1	0	0	1	0	0	1	1	0	0	1	0	0	0	0	1	1	1	0	1	0	1	0	1	0	0	0	0	0	1	1	0	1	1	1	0	0	0	1	0	1	1	1	0	1	1	0	1	0	0	1	1	0	0	0	1	0	1	0	0	0	1	0	1	1	1	0	0	1	0	0	0	0	1	1	0	0	0	0	1	1	0	0	1	1	0	1	0	1
3	Amuvatinib	1	0	1	1	0	1	0	0	1	0	0	1	0	0	1	0	1	1	1	0	0	1	0	1	0	0	0	0	0	0	1	0	0	0	0	0	1	1	0	1	0	0	0	0	1	0	0	1	0	0	0	0	0	1	1	0	0	1	0	0	1	0	0	0	1	0	0	0	1	1	0	1	1	0	0	0	0	1	0	0	1	1	0	0	0	0	1	0	0	1	1	0	1	0	0	1	0	1	1	0	1	0	0	0	1	1	1	1	0	0	1	1	1	1	0	1	0	0	0	0	0	0	1	0	1	0	0	1
4	AR-42	1	1	1	0	0	1	0	0	0	0	1	0	0	0	0	0	0	0	1	0	0	0	0	0	1	0	0	1	0	0	0	0	0	1	0	0	0	0	0	1	0	0	0	0	0	1	0	1	0	1	0	0	0	1	0	0	0	0	0	0	0	1	0	1	1	0	0	0	0	0	0	0	0	0	0	1	0	0	0	0	0	1	0	0	0	1	1	0	0	0	0	0	0	0	0	1	0	0	0	0	1	0	1	0	0	1	0	1	1	1	1	0	1	0	0	0	0	0	0	0	0	0	0	0	0	1	0	0
5	AT-7519	1	0	1	1	0	0	0	0	0	0	1	0	0	0	0	1	0	0	0	1	0	0	0	0	1	0	0	1	1	0	1	0	0	0	0	1	0	0	0	1	0	0	0	0	0	1	1	0	0	1	0	1	0	0	0	0	0	0	0	0	0	0	0	0	1	0	0	0	0	0	0	0	1	1	1	0	0	0	1	1	0	1	0	1	0	0	1	0	0	0	1	0	0	0	1	0	1	1	1	1	1	0	1	0	0	0	0	0	1	0	1	0	0	0	0	0	0	0	0	1	0	0	1	1	0	1	1	1
6	Axitinib	1	1	0	1	0	0	0	0	0	1	1	0	0	0	0	0	0	0	0	1	0	0	1	0	0	0	0	0	0	0	0	0	0	1	1	0	0	0	0	1	1	1	0	1	1	1	1	1	0	0	0	0	0	0	1	0	1	0	0	0	0	1	0	0	1	0	1	1	1	1	0	1	0	0	1	0	0	1	0	0	0	1	0	1	1	1	1	0	1	1	1	0	0	0	0	0	1	0	0	0	1	0	1	1	0	0	0	1	0	0	0	0	0	0	0	0	1	1	0	1	0	1	1	0	0	1	1	0
7	AZD7762	1	0	0	1	1	0	1	0	1	1	1	1	1	1	0	1	0	0	0	1	0	0	0	0	1	0	0	1	1	0	1	0	0	0	1	1	0	0	0	1	0	0	0	0	1	1	0	1	1	1	0	0	0	0	1	0	1	0	0	1	0	0	1	0	1	0	0	0	0	0	0	0	1	0	0	0	0	0	0	1	0	1	0	0	0	0	1	0	0	0	1	0	0	0	0	0	1	0	1	0	1	0	1	0	0	0	0	1	0	0	0	0	0	0	1	0	0	0	1	0	0	0	0	1	1	1	0	0
8	BAY-61-3606	1	0	1	1	0	0	0	0	1	0	1	0	1	0	0	0	0	0	0	1	1	0	0	0	1	0	1	0	0	1	0	1	0	1	1	0	0	0	1	1	0	0	0	0	1	0	0	0	0	1	1	1	0	1	0	1	0	0	0	0	0	1	0	1	1	0	0	0	1	0	0	1	0	1	1	0	0	1	0	0	0	1	0	0	1	0	1	0	0	0	0	0	0	1	1	0	0	0	0	0	1	0	0	0	1	0	0	1	0	0	1	0	0	1	0	0	0	0	0	0	0	1	1	0	0	1	0	0
9	Belinostat	1	0	0	0	1	1	0	0	0	0	1	0	0	0	0	1	0	0	0	0	0	1	1	0	0	0	0	0	1	1	0	1	0	0	0	0	0	0	0	1	0	0	0	0	0	0	0	1	0	0	0	0	0	0	1	0	0	0	0	0	0	0	0	1	1	0	0	1	1	0	1	1	0	1	0	0	0	0	0	0	1	1	0	0	0	0	1	0	0	0	0	0	0	0	1	1	0	0	0	0	1	0	0	1	0	1	0	1	0	0	1	0	0	1	0	0	0	0	1	0	0	1	0	0	0	1	0	0
10	Bexarotene	0	0	0	0	0	1	0	0	0	0	1	0	0	0	0	0	0	1	0	0	0	0	1	0	0	0	0	0	0	0	1	0	0	1	0	0	1	0	0	1	0	0	1	0	0	0	0	0	0	0	0	0	0	0	0	0	0	1	1	0	1	0	0	0	0	0	0	0	0	0	0	1	1	0	0	0	0	0	1	0	0	1	0	0	0	1	1	0	0	0	0	0	0	0	0	0	1	1	0	0	1	0	0	0	0	1	1	1	0	0	0	1	0	0	1	0	0	0	0	0	0	0	1	0	0	1	1	0
11	Bicalutamide	1	1	1	0	0	0	1	0	1	0	1	0	0	0	0	0	0	0	1	0	0	0	1	0	1	0	0	1	0	0	0	0	1	1	1	1	0	0	0	1	0	1	0	0	0	1	0	0	0	0	0	0	0	0	0	0	1	0	0	1	0	0	0	1	1	0	1	0	1	0	1	0	0	0	0	1	0	0	0	0	1	1	0	0	0	0	1	0	0	0	1	0	0	0	1	0	0	0	0	0	1	0	0	1	1	1	0	1	0	0	0	0	1	0	1	0	1	1	0	0	0	0	0	1	0	1	0	0
12	Bleomycin	1	1	0	0	0	0	1	0	1	0	1	1	1	1	1	1	1	1	1	1	0	1	1	1	1	1	0	1	0	1	1	1	1	1	1	1	0	0	1	1	1	0	1	1	0	1	0	0	0	1	0	1	1	1	0	1	0	1	1	1	1	1	0	1	1	1	1	1	0	1	1	1	0	1	0	0	0	1	0	1	1	1	1	0	1	0	0	1	0	1	1	1	1	1	1	0	0	1	1	1	1	1	1	1	0	1	1	0	1	0	0	0	1	1	1	1	1	1	1	1	1	0	1	1	1	1	1	1
13	BMS-536924	1	1	1	1	0	1	0	0	1	0	1	1	0	0	0	1	1	0	0	1	0	0	0	1	0	0	1	0	1	1	1	0	1	1	0	0	0	1	1	1	0	0	0	0	0	1	0	1	0	1	0	0	1	0	1	0	0	0	1	0	1	0	0	1	1	1	0	0	0	0	0	1	1	1	0	0	0	0	0	0	1	1	1	1	0	1	1	0	1	0	1	0	1	0	1	1	0	0	1	1	1	0	0	0	0	0	0	1	0	0	1	1	1	0	0	0	0	0	1	1	1	0	1	1	0	1	0	0
14	BMS-754807	1	0	1	1	1	1	1	0	1	0	1	1	1	0	1	0	0	0	0	0	1	0	0	0	1	0	0	1	0	0	1	0	1	1	1	0	1	0	1	1	0	0	0	0	1	1	0	0	0	0	0	0	0	0	1	1	0	0	0	1	0	0	0	1	1	1	0	0	1	1	0	0	1	0	1	1	1	1	0	0	1	1	0	0	1	0	1	0	0	0	1	0	1	0	1	1	0	0	0	0	1	0	0	0	1	1	0	1	0	0	0	0	0	0	0	1	0	0	0	0	0	0	1	1	1	1	0	1
15	Bosutinib	1	0	0	0	0	0	0	0	0	1	0	0	1	1	1	0	0	1	0	1	0	0	1	0	0	0	0	0	0	0	1	0	0	1	1	0	0	1	0	1	1	0	0	0	1	0	0	0	1	1	1	0	0	0	0	1	0	0	0	0	0	1	0	0	0	0	0	0	0	0	1	0	1	1	1	0	0	1	1	1	1	1	1	0	1	0	1	0	0	0	1	0	0	1	0	0	0	0	0	0	1	0	0	0	1	1	0	1	0	0	1	0	1	0	0	0	0	0	0	1	1	1	1	0	0	1	0	1
16	Bryostatin 1	1	1	1	0	0	1	1	0	0	1	1	1	1	1	0	1	1	1	0	1	0	0	0	0	0	0	1	1	0	1	1	1	1	1	0	1	1	1	1	1	0	0	0	0	1	0	1	1	1	1	1	0	1	1	1	1	0	0	1	1	0	1	0	0	1	0	0	0	1	0	0	0	0	1	1	0	1	0	1	1	1	1	0	0	0	0	0	0	0	0	1	0	1	0	1	0	0	0	1	1	1	0	1	1	1	1	1	0	1	1	1	0	0	1	1	0	0	0	0	1	0	1	1	1	1	1	0	1
17	BX795	1	0	0	0	1	0	0	0	1	0	1	1	0	0	1	1	0	0	0	1	0	1	0	0	1	0	0	1	0	0	1	1	1	0	0	1	1	0	0	1	0	0	0	0	1	0	1	0	0	0	1	1	1	0	0	0	1	0	0	0	1	0	1	1	1	0	0	0	1	1	1	0	1	1	1	0	0	0	1	1	1	1	0	0	1	0	1	0	0	1	1	0	0	0	0	0	1	0	0	0	1	1	1	0	0	0	0	1	0	0	0	0	0	1	0	0	0	0	0	1	0	0	1	0	1	1	0	1
18	Cabozantinib	1	0	1	0	0	0	1	1	1	0	1	0	1	1	0	0	0	0	0	1	1	0	0	0	1	0	0	0	1	0	1	0	0	1	0	0	1	0	0	1	0	0	0	0	1	0	0	0	0	0	1	0	0	1	1	1	0	0	0	1	0	0	0	1	0	1	1	0	0	0	0	0	0	1	1	1	0	1	1	0	1	1	0	0	0	0	1	0	0	0	1	0	0	1	0	0	0	0	0	0	1	1	0	0	0	0	0	1	0	0	0	0	1	0	0	0	0	0	0	0	0	1	1	0	1	1	0	0
19	CAY10603	1	0	0	0	0	0	1	0	1	0	1	0	0	0	0	0	1	0	0	0	0	0	0	0	1	0	0	1	1	0	0	0	0	1	0	1	0	0	1	1	0	1	0	0	0	0	0	0	0	0	0	0	0	1	1	1	0	0	0	1	0	0	0	1	0	0	0	1	0	1	0	0	0	0	0	1	1	0	0	1	1	1	0	1	1	0	1	1	0	1	0	0	0	0	1	1	0	1	0	0	1	0	1	1	0	0	0	1	0	0	1	0	0	0	1	1	0	0	0	1	1	1	1	0	0	1	0	0
20	CCT007093	0	0	0	0	0	0	0	1	1	0	1	1	0	0	1	0	0	0	0	0	0	0	0	0	0	1	0	0	0	0	1	1	0	0	0	1	0	0	0	1	1	0	0	0	0	0	0	0	0	0	0	0	0	0	1	0	0	0	1	0	0	0	0	0	1	0	0	0	1	0	0	0	1	0	1	0	0	0	0	0	0	1	0	1	0	1	1	0	0	0	0	0	0	0	0	0	0	0	1	0	1	0	0	0	0	0	0	0	0	0	0	0	0	1	0	0	0	0	0	0	0	0	0	0	0	0	0	1
21	CCT-018159	1	0	0	0	0	0	0	1	1	0	1	1	0	1	0	0	1	0	0	0	0	0	0	0	0	0	0	0	0	1	1	0	1	1	0	0	0	0	1	1	0	0	0	0	0	0	0	0	0	0	0	0	1	0	1	0	0	1	1	1	0	0	0	0	0	0	1	1	1	1	0	1	0	0	1	0	0	0	0	0	1	1	0	1	1	0	1	0	1	0	1	0	0	0	0	1	1	0	1	0	1	1	0	0	0	0	0	1	0	0	0	1	0	1	0	1	0	0	1	0	0	1	1	0	0	0	0	0
22	CHIR-99021	1	1	0	0	0	0	0	0	1	0	0	1	0	0	0	0	0	0	0	1	1	0	1	0	0	0	1	1	0	0	0	1	1	1	1	0	1	1	0	0	1	0	0	0	1	1	1	1	1	1	0	0	0	0	0	0	0	1	1	1	0	1	0	1	0	1	0	1	0	1	0	1	0	1	0	1	0	0	0	0	1	1	0	0	0	0	1	0	1	0	1	0	0	0	0	0	1	0	0	0	1	0	1	1	1	1	0	1	0	1	1	0	1	0	0	0	0	0	0	0	0	0	1	0	0	0	0	1
23	Cisplatin	0	0	0	0	0	1	0	0	0	0	0	0	0	0	0	0	0	0	0	1	0	0	0	0	0	0	0	0	0	0	0	0	0	0	1	0	0	0	1	0	0	0	0	0	0	0	0	0	0	0	0	0	0	0	0	0	0	0	0	0	0	0	0	0	0	0	0	0	0	0	0	0	0	0	0	0	0	0	0	0	0	0	0	0	0	0	0	0	0	0	0	0	0	0	0	0	0	0	0	0	0	0	0	0	0	0	0	0	0	0	0	0	0	0	0	0	0	0	0	0	0	0	0	0	0	1	0	0
24	CP466722	1	0	1	1	0	0	0	0	0	0	0	0	1	0	0	0	0	0	1	1	0	1	0	0	1	0	1	0	0	1	0	0	0	1	0	0	1	0	0	1	0	0	0	0	1	0	0	1	0	1	1	0	0	0	0	1	0	0	0	1	1	0	0	1	1	1	0	0	1	0	0	0	0	1	1	0	0	1	0	0	0	1	0	0	1	0	1	0	0	0	0	0	0	1	0	0	0	1	0	0	1	0	0	0	0	1	0	1	0	0	1	0	1	0	0	0	0	0	0	0	0	1	1	0	0	0	0	0
25	CP724714	1	0	0	0	0	1	0	0	0	0	1	0	0	0	0	0	0	0	1	1	0	0	0	0	0	1	1	0	0	1	1	0	0	1	0	0	0	0	1	1	0	1	0	1	1	0	0	0	0	1	1	0	0	1	1	1	0	0	1	0	1	0	0	1	0	1	1	1	1	1	0	0	0	1	1	1	1	1	1	1	1	1	0	0	1	0	1	1	0	0	0	1	0	0	1	0	0	0	0	0	1	0	0	0	0	1	0	1	1	1	0	1	1	1	0	0	0	1	0	0	1	1	1	0	0	1	0	1
26	CUDC-101	1	0	0	0	0	1	0	0	0	0	1	0	1	1	0	1	0	0	1	1	0	1	0	0	0	0	1	0	1	0	0	0	0	1	1	0	0	0	0	1	0	1	0	0	1	0	0	0	0	0	1	0	0	0	1	1	0	0	0	1	0	0	0	1	1	0	0	0	1	0	1	0	0	1	1	0	0	1	1	0	1	1	0	0	0	0	1	1	0	0	0	0	0	1	0	1	0	1	0	0	1	0	1	1	0	1	0	1	0	0	1	0	1	0	0	1	0	0	0	1	1	1	1	0	0	1	0	0
27	Cytarabine	0	1	0	0	0	0	0	0	0	0	1	0	0	0	0	0	1	0	0	1	0	0	0	0	1	0	0	0	0	0	0	0	0	0	0	0	0	0	0	1	1	0	0	0	0	0	0	0	0	1	0	0	1	0	0	0	0	0	1	0	0	0	1	1	0	1	0	0	0	0	1	0	0	0	0	1	0	1	0	1	1	1	1	0	0	0	1	0	0	0	0	0	0	0	1	1	0	0	1	0	1	1	0	0	0	1	0	0	1	0	0	0	0	0	1	0	0	0	0	1	0	0	1	1	0	0	0	0
28	Dabrafenib	1	0	0	0	0	1	0	0	1	0	1	0	0	0	0	1	0	1	0	1	0	0	0	0	0	1	0	0	0	0	1	0	1	1	1	1	0	1	1	0	0	0	0	0	1	0	1	0	1	1	0	0	0	0	0	0	0	0	0	1	0	1	1	1	1	0	1	1	1	0	1	0	1	0	1	0	0	0	0	0	0	1	0	1	1	0	1	0	1	0	0	0	0	0	1	0	1	0	0	0	1	0	0	0	0	1	0	0	0	0	1	0	1	0	1	0	0	0	1	0	0	0	1	0	0	1	1	0
29	Dacinostat	1	0	0	0	0	0	0	0	0	0	1	0	0	0	0	0	0	1	0	0	0	0	0	0	0	1	1	0	1	1	0	1	0	0	0	0	0	1	1	1	0	0	0	0	0	0	0	1	1	0	0	0	0	0	1	0	0	0	0	0	0	0	0	0	1	0	0	1	0	1	0	1	1	1	0	0	0	1	0	0	1	1	0	0	0	0	1	1	0	1	1	1	1	0	1	1	0	0	0	0	1	0	0	0	0	1	0	0	1	0	1	0	0	1	0	0	0	0	0	1	0	0	0	1	0	1	0	0
30	Daporinad	1	0	0	0	0	1	0	0	0	0	1	0	1	1	0	0	1	0	0	1	0	1	0	0	0	0	0	1	1	1	1	1	1	0	0	0	0	0	0	1	0	0	0	0	0	1	1	1	0	0	1	0	0	1	1	0	0	0	0	0	0	0	0	0	1	1	0	1	0	1	0	1	1	1	1	0	0	0	1	0	1	1	0	0	1	0	1	0	0	1	0	0	0	0	0	0	1	0	0	0	1	0	0	1	0	1	0	0	0	0	0	0	0	1	1	0	0	0	0	1	0	0	1	1	0	1	0	1
31	Docetaxel	1	1	1	1	0	1	0	0	1	1	1	1	1	0	0	0	1	1	0	1	1	0	0	0	0	0	1	0	1	1	1	0	1	1	1	0	1	0	1	1	1	1	1	0	0	1	0	1	1	0	1	1	0	0	1	1	1	1	1	0	1	0	0	1	1	1	1	1	1	0	0	1	1	0	1	0	0	0	0	0	0	1	0	0	0	1	1	0	1	0	0	1	0	1	1	0	1	0	0	1	1	0	1	1	0	1	0	1	0	0	0	0	1	0	1	0	1	1	0	1	1	1	1	1	0	1	0	0
32	Doramapimod	1	0	0	0	0	0	0	1	1	0	1	1	1	1	0	0	1	0	0	0	1	1	0	0	1	0	0	0	0	0	1	1	1	1	0	0	1	1	0	1	1	0	0	0	1	0	0	1	0	0	1	0	0	1	1	1	1	1	1	1	1	1	0	1	1	0	0	0	0	1	0	0	1	0	1	0	0	1	0	0	1	1	0	0	0	0	1	0	0	0	0	0	0	0	1	0	0	0	0	0	1	0	1	0	0	1	0	1	0	0	1	0	1	0	1	1	0	0	0	0	0	1	1	0	0	1	0	1
33	Doxorubicin	1	1	1	0	0	0	0	0	0	0	1	1	1	0	0	1	1	0	0	1	0	0	0	1	0	0	0	0	0	1	1	0	0	1	1	0	1	0	1	1	1	0	1	0	1	0	1	1	1	0	1	0	1	0	0	1	0	1	1	0	0	1	0	0	1	0	1	0	1	0	1	0	0	1	1	1	1	1	0	1	1	1	1	1	0	0	1	0	1	0	0	0	1	0	1	0	1	0	1	0	1	1	0	0	0	1	0	0	0	0	0	1	1	0	0	0	1	0	0	0	0	1	0	1	0	1	0	0
34	EHT-1864	1	1	1	0	0	0	0	0	1	1	1	1	0	1	1	0	1	0	1	1	0	0	0	0	1	0	0	0	0	0	1	0	0	1	0	0	0	0	0	1	0	1	0	0	1	1	0	0	0	1	1	1	0	0	1	1	0	1	1	0	0	0	0	0	0	0	0	0	0	1	0	0	1	1	1	0	0	1	0	0	1	1	1	0	0	1	1	0	0	0	0	0	0	0	0	1	0	1	0	0	1	1	0	0	0	0	0	1	1	1	1	0	0	1	1	0	1	0	0	1	0	0	1	1	0	1	0	1
35	Embelin	0	0	0	0	0	0	0	0	0	0	1	0	0	0	0	0	0	0	0	0	1	0	0	0	0	0	1	0	0	0	1	0	1	1	0	1	1	0	1	1	0	0	0	0	0	0	0	0	0	0	0	0	0	0	0	0	0	0	1	0	0	0	0	0	0	0	1	0	1	0	1	0	0	0	0	0	1	0	0	1	1	1	0	0	1	0	0	0	0	0	0	1	0	0	0	0	0	0	0	0	1	0	0	0	0	0	0	1	0	1	0	0	0	0	0	1	1	0	1	1	0	0	0	0	0	1	0	0
36	Enzastaurin	0	1	0	1	0	1	1	0	0	1	1	0	0	0	0	0	1	0	0	0	0	0	1	0	0	0	0	0	0	1	1	0	0	1	0	0	1	1	0	1	0	0	0	0	1	1	0	1	0	0	0	0	0	0	0	0	0	0	1	0	0	0	0	0	1	1	1	0	1	0	1	0	1	0	1	0	0	1	0	1	1	1	0	0	1	0	1	0	1	0	1	0	0	0	0	0	1	0	0	0	1	1	0	0	0	0	0	0	0	1	0	0	0	0	0	0	0	0	1	0	0	1	1	1	0	1	0	1
37	Etoposide	1	1	0	1	0	0	1	1	1	0	1	0	0	0	0	0	1	0	0	0	1	0	0	0	0	0	0	1	0	1	1	0	1	1	1	0	0	0	0	1	0	0	0	1	0	1	0	0	0	1	1	1	1	0	0	1	1	1	1	0	0	0	1	1	0	0	1	0	0	1	0	1	0	1	1	0	0	0	0	1	0	1	1	1	0	0	0	1	0	0	0	1	0	1	1	0	0	1	1	1	1	1	0	0	0	1	1	1	0	0	1	0	0	1	0	0	1	0	1	0	0	1	0	1	0	0	0	1
38	Fedratinib	1	0	0	0	1	0	0	0	1	0	1	0	0	1	1	1	0	0	0	0	0	1	0	0	0	0	0	0	0	0	1	0	1	1	0	0	0	0	0	1	1	0	0	0	1	1	1	0	0	0	1	0	0	0	0	1	1	0	1	0	0	0	0	1	1	0	1	0	1	0	1	0	1	1	1	1	0	0	1	0	1	1	1	0	0	0	1	0	1	0	0	1	0	0	1	0	0	0	0	0	1	0	1	0	0	0	0	1	0	0	0	1	0	0	1	0	1	0	1	0	1	1	1	0	0	0	0	1
39	Foretinib	1	0	1	0	0	0	1	1	1	0	1	1	1	1	1	0	1	0	0	1	1	0	0	0	1	1	0	0	1	0	1	0	0	1	0	0	1	0	0	1	0	0	0	0	1	0	0	0	1	0	1	0	0	1	1	1	1	1	0	1	0	0	0	1	1	0	0	0	0	0	0	0	1	1	1	1	0	1	0	0	1	1	0	0	0	0	1	0	0	0	1	0	0	1	1	0	0	0	0	0	1	1	0	0	0	0	0	1	0	0	1	0	1	1	0	0	0	0	0	1	0	1	1	0	1	1	0	1
40	Gefitinib	1	0	0	0	0	1	0	0	1	0	0	1	1	1	0	0	1	0	1	1	0	0	0	0	0	0	1	0	0	0	1	0	0	1	0	0	0	0	0	1	0	0	0	0	1	1	0	0	1	1	1	0	0	0	1	1	0	1	0	1	0	0	0	1	0	0	0	0	1	0	0	0	1	1	1	1	0	1	0	0	1	1	0	0	0	0	1	1	1	0	0	0	0	1	0	0	0	0	0	0	1	0	0	0	0	1	0	1	0	0	1	0	1	0	0	0	0	0	0	1	1	1	1	0	0	1	0	1
41	Gemcitabine	1	1	0	0	0	0	0	0	1	0	1	0	0	0	0	1	1	0	0	1	0	0	0	0	0	0	0	0	0	0	1	0	0	0	0	0	1	0	0	1	1	1	0	0	0	0	0	0	1	1	0	0	0	0	1	0	0	0	1	1	0	0	1	1	0	1	0	0	0	0	0	0	0	0	0	0	0	1	0	0	1	1	0	0	0	0	1	0	0	0	0	0	0	0	1	1	0	0	1	0	1	1	0	0	0	1	0	0	1	0	0	0	0	0	1	0	0	0	0	0	0	0	1	1	0	0	0	0
42	GSK1070916	1	0	0	0	0	0	0	0	1	0	1	1	1	0	1	1	1	0	0	1	0	0	0	0	1	0	1	1	0	0	1	1	0	1	1	0	1	0	1	1	0	0	1	1	1	0	0	0	0	0	1	0	0	1	0	0	0	0	0	0	0	0	0	1	1	1	0	1	0	0	1	1	0	0	1	1	0	1	0	0	1	1	1	0	0	0	1	1	0	1	1	0	1	0	0	0	1	0	0	0	1	0	1	0	1	1	0	1	0	0	0	0	0	1	0	0	0	1	1	1	0	0	1	1	0	1	1	0
43	GSK1904529A	1	0	0	1	1	0	0	1	1	0	1	0	1	0	0	1	0	0	0	1	0	1	0	1	1	0	1	1	0	0	1	0	1	1	0	0	0	0	1	1	0	0	0	1	1	1	1	1	1	1	1	1	1	0	0	1	1	0	0	1	0	1	1	1	1	0	1	1	1	1	1	1	1	1	1	0	0	1	0	1	1	1	0	0	1	0	1	0	1	0	0	0	0	0	1	0	0	0	1	0	1	0	1	1	0	1	0	1	0	0	0	0	0	0	0	0	0	0	1	0	0	1	1	1	0	1	0	0
44	GSK269962A	1	1	1	1	1	0	1	0	1	0	1	1	0	1	0	1	1	0	1	1	0	1	1	0	1	0	0	0	0	1	1	0	0	1	1	0	0	0	1	1	1	0	0	0	1	1	0	0	0	1	1	1	0	0	1	1	1	1	1	0	0	0	0	1	1	1	1	1	0	0	0	0	1	1	1	1	0	0	1	0	1	1	1	0	0	0	1	0	0	0	1	0	0	0	0	0	0	0	1	0	1	0	1	0	1	1	0	1	0	1	0	0	0	0	0	0	1	0	0	0	0	1	1	1	0	1	0	1
45	GSK429286A	1	1	0	0	0	0	0	0	1	1	1	1	0	0	1	0	1	0	0	0	0	0	0	1	1	0	1	0	1	0	1	0	0	1	0	0	1	0	0	1	0	1	0	0	0	1	0	0	1	0	0	1	0	0	0	1	1	0	1	1	0	1	0	1	0	0	0	0	0	0	1	0	1	0	1	0	0	0	0	0	1	1	0	0	0	0	1	1	1	0	1	0	1	0	0	0	1	1	0	0	1	0	1	1	0	0	0	1	1	0	0	0	0	0	1	1	0	0	0	1	1	0	1	1	0	1	0	1
46	GSK650394	1	0	0	1	1	1	0	0	1	0	1	0	0	0	0	0	0	0	0	0	0	0	0	1	0	0	0	0	0	0	1	1	0	0	0	1	0	0	1	1	0	1	0	0	1	1	0	1	1	0	0	1	0	0	0	1	0	0	0	0	0	0	0	0	1	0	0	1	0	0	0	1	1	0	1	0	0	1	0	1	1	1	0	0	0	0	1	1	1	0	1	0	0	1	0	0	1	0	0	0	1	0	0	0	0	0	0	1	0	0	0	0	0	0	0	0	0	0	1	1	0	0	1	1	0	1	0	1
47	GSK690693	0	0	0	0	1	0	1	0	1	1	0	0	0	1	0	0	1	1	1	1	0	0	0	0	0	0	0	1	1	1	1	0	1	1	1	0	0	0	1	1	0	1	1	0	1	1	1	0	0	1	1	1	1	0	0	1	1	0	1	0	1	0	0	1	0	1	0	1	0	1	0	1	0	0	0	1	0	0	0	1	1	1	1	0	0	0	1	0	0	0	1	0	0	0	0	0	1	0	1	0	1	0	1	0	0	0	0	0	1	0	0	0	1	0	1	0	1	0	0	0	0	0	1	1	0	0	0	1
48	GW-2580	1	0	0	1	0	0	0	0	0	0	0	0	0	1	0	0	0	0	0	1	0	0	1	0	0	1	0	1	1	0	0	0	0	1	0	0	0	0	0	0	0	0	1	0	1	0	0	0	1	1	1	1	0	0	1	1	0	0	0	0	0	0	0	1	0	0	1	0	0	1	0	0	0	1	1	0	0	0	1	1	1	1	0	0	1	0	1	0	0	0	1	0	0	1	1	0	0	0	0	0	1	0	0	0	0	1	0	1	0	0	0	0	1	0	0	0	0	0	0	0	0	1	1	0	0	0	0	1
49	GW441756	0	1	0	0	1	1	0	0	0	1	1	0	0	0	0	1	0	0	0	1	0	0	0	0	0	1	0	0	1	0	0	0	1	1	0	0	1	1	0	1	0	0	0	0	1	1	0	1	0	0	0	0	0	0	1	0	0	0	1	1	0	0	1	0	1	1	0	1	0	0	0	1	0	0	1	0	0	1	0	0	1	1	0	0	1	0	1	0	0	0	1	0	0	0	0	0	1	0	0	0	1	0	0	0	0	0	1	0	0	0	0	0	0	0	0	0	0	0	0	0	0	1	1	0	0	0	0	1
50	HG6-64-1	1	0	1	1	0	0	1	0	1	0	1	0	0	0	1	0	1	0	0	0	0	0	0	0	1	1	0	1	0	1	1	0	0	1	1	1	0	0	1	1	0	1	0	0	1	1	0	0	0	0	0	0	0	0	1	1	1	0	1	0	0	1	0	1	0	1	0	1	1	1	0	1	1	1	1	1	1	1	0	0	1	1	0	0	0	0	1	1	0	0	1	0	0	0	0	1	0	1	1	0	1	1	1	0	0	1	0	1	0	0	0	1	0	0	1	0	1	0	0	1	0	0	1	1	0	1	0	1
51	I-BET-762	1	0	0	0	0	0	0	0	1	0	1	0	1	1	0	1	0	0	0	1	0	1	0	0	0	0	0	0	0	0	0	0	1	1	0	1	0	0	1	1	1	1	0	0	0	0	1	0	1	1	0	0	1	1	0	1	0	1	1	0	0	0	1	0	1	0	1	0	0	1	1	0	0	1	0	0	0	0	1	0	1	1	0	0	1	0	1	0	1	0	0	0	0	0	0	0	1	0	1	0	1	0	0	0	0	0	1	1	1	0	0	0	0	0	0	0	0	1	0	0	0	0	1	1	0	1	0	1
52	Idelalisib	1	1	0	0	0	1	0	0	1	0	1	0	0	0	0	1	0	0	1	1	0	0	0	1	1	1	0	0	0	0	0	0	1	1	0	1	0	0	1	1	0	0	0	0	1	0	0	1	1	0	1	1	0	0	0	0	0	0	1	1	0	0	0	1	1	1	1	0	1	0	0	0	0	1	0	0	0	0	0	1	1	1	0	1	0	0	1	1	1	0	1	0	1	0	0	0	0	0	0	0	1	0	0	0	0	1	0	0	0	0	0	0	0	0	0	0	0	0	0	0	1	0	1	1	0	0	0	0
53	IOX2	1	0	0	0	0	1	1	0	1	0	1	0	1	0	0	0	0	0	0	1	0	0	0	0	0	0	0	0	0	0	0	0	1	0	1	0	0	1	0	1	0	0	1	0	0	1	0	1	0	0	0	0	0	0	0	0	0	0	1	0	0	1	0	0	1	0	1	0	0	1	0	0	0	1	1	0	0	1	0	1	1	1	1	1	0	0	1	1	0	0	1	0	0	0	0	0	0	0	0	0	1	1	1	0	0	0	0	0	0	0	0	0	0	0	0	0	0	0	0	0	1	0	0	0	0	1	0	0
54	IPA-3	0	0	0	0	0	0	0	0	0	0	0	0	0	0	0	0	0	0	1	0	0	0	0	0	0	0	1	0	0	0	0	0	0	0	0	0	0	1	0	1	0	1	0	0	0	0	0	1	0	0	0	0	1	0	0	0	0	0	0	0	0	0	0	1	1	0	1	1	0	0	0	1	0	0	0	1	1	1	0	0	1	1	0	0	0	0	1	0	0	0	0	0	0	0	0	0	0	0	0	0	1	0	0	0	0	0	0	0	0	0	0	0	0	0	0	0	1	0	0	0	0	0	0	0	0	0	0	0
55	JQ1	1	0	0	0	0	0	0	0	1	0	1	0	1	0	0	0	1	0	0	1	0	1	0	0	0	0	0	0	0	0	0	0	1	1	1	1	0	0	1	1	1	0	0	0	1	0	1	0	1	1	0	0	1	0	1	1	0	1	1	0	1	0	1	0	0	0	1	1	0	0	1	0	0	1	0	0	0	0	0	0	1	1	0	1	1	1	1	0	1	0	0	0	0	0	0	0	0	0	1	0	1	0	0	1	0	0	1	0	1	0	0	0	0	1	1	0	0	1	0	0	0	0	1	1	1	1	0	1
56	JW-7-24-1	1	1	1	0	0	0	1	1	1	0	1	0	0	1	0	1	0	1	0	0	0	0	1	1	0	0	0	0	1	1	1	0	1	1	0	1	1	1	0	1	1	1	0	1	1	1	0	0	0	1	0	0	0	0	0	1	0	1	1	0	0	0	0	1	0	1	1	0	0	1	0	0	1	1	1	1	0	1	0	0	0	1	0	0	0	0	1	0	0	0	1	0	0	0	0	0	0	0	0	0	1	0	0	1	0	1	0	1	1	0	0	0	0	1	1	0	0	1	0	0	0	0	1	1	0	0	0	1
57	KIN001-266	1	0	0	0	0	0	0	0	1	1	0	0	1	0	0	0	0	0	0	1	0	0	1	0	0	0	1	0	0	0	1	0	0	1	1	0	0	0	1	1	0	0	0	0	1	1	0	0	1	1	0	0	1	0	0	0	0	0	1	1	1	0	0	1	0	0	0	0	0	1	1	0	1	1	1	1	1	1	0	1	1	1	1	0	1	0	1	1	1	0	1	0	0	0	1	0	0	1	0	0	1	0	0	0	1	1	0	1	0	1	1	0	1	0	0	0	0	0	1	1	0	0	1	1	0	1	0	1
58	KIN001-270	1	0	0	0	0	0	0	0	1	0	1	0	0	0	0	1	0	0	1	1	0	0	1	0	0	1	0	1	0	1	0	0	0	1	0	0	1	1	1	1	0	0	0	0	1	0	0	1	0	0	0	0	1	0	1	0	0	0	1	0	0	0	0	1	1	0	0	0	1	0	0	0	1	1	0	1	1	0	0	0	0	1	0	1	1	0	1	0	1	0	0	1	0	0	1	0	1	0	0	0	1	0	0	0	0	1	0	1	0	0	1	1	0	0	0	0	0	0	1	0	0	1	1	0	0	1	0	0
59	KU-55933	0	0	0	0	1	0	0	0	0	0	1	1	0	1	1	1	1	0	0	0	0	0	0	1	0	0	0	0	0	0	1	0	0	1	1	1	0	0	0	1	0	0	0	0	0	0	0	1	0	1	1	1	1	1	1	0	0	0	1	0	1	0	0	0	1	0	0	0	1	0	1	1	1	0	0	0	0	0	0	0	0	1	1	0	0	0	1	0	1	0	0	0	1	0	0	0	1	0	0	0	1	0	0	0	0	0	0	1	0	0	1	0	0	0	1	0	0	0	1	0	1	1	0	0	1	1	0	0
60	Lenalidomide	0	0	1	0	0	0	1	0	0	1	1	0	0	0	1	1	0	0	0	1	0	1	0	0	0	0	1	0	0	0	1	0	1	0	0	0	1	0	0	1	0	0	1	0	1	1	0	0	0	1	0	0	0	0	0	0	0	1	1	0	0	0	0	0	1	0	0	0	0	0	0	0	0	0	1	0	0	1	0	0	0	1	0	0	1	0	1	0	1	0	1	0	0	0	0	0	1	0	0	0	1	0	0	1	0	1	0	0	0	0	1	1	0	0	0	0	1	0	0	0	0	0	0	1	0	0	0	1
61	Lestaurtinib	0	0	1	0	1	1	0	0	1	0	1	1	0	0	0	1	1	0	1	1	0	0	0	0	0	0	0	0	1	0	1	0	1	1	0	0	1	1	1	1	0	0	0	0	0	1	1	1	0	1	0	0	0	0	1	0	0	0	1	0	0	0	1	0	1	0	1	0	0	0	0	0	0	0	1	0	0	1	0	0	1	1	0	1	1	0	1	1	0	0	1	0	0	0	1	0	0	0	0	0	1	0	0	0	0	1	1	0	0	0	0	0	1	0	0	0	1	0	1	0	0	1	1	1	0	0	0	1
62	LFM-A13	1	0	1	0	0	1	0	0	0	0	1	0	0	1	0	0	0	0	0	0	1	0	1	0	1	0	0	0	0	0	0	0	0	1	1	1	0	0	0	1	0	1	0	0	0	0	0	0	0	0	0	0	0	0	0	0	0	0	1	0	0	0	0	0	1	1	0	0	0	0	0	0	1	1	0	0	0	0	0	0	0	1	0	0	0	0	1	1	1	0	0	0	0	0	0	1	0	1	0	0	1	0	0	0	1	1	0	1	0	0	0	0	0	1	0	0	0	0	0	0	0	1	0	0	0	1	1	0
63	Linifanib	1	0	0	0	0	0	0	0	1	0	1	0	0	0	0	1	0	0	0	1	0	0	0	0	1	0	0	0	0	0	0	1	0	1	0	0	1	0	0	1	0	0	0	0	0	0	0	0	1	1	0	1	1	1	0	0	1	0	1	1	0	1	0	1	1	0	0	0	0	1	1	0	1	0	1	1	0	0	0	0	0	1	0	0	1	1	1	0	1	0	1	1	0	0	1	0	1	0	0	0	1	0	0	0	0	0	0	1	0	0	0	0	0	0	0	0	0	1	0	1	0	0	1	0	0	1	0	1
64	Linsitinib	1	1	1	1	0	1	0	0	1	0	0	0	0	0	0	0	0	0	1	1	0	0	0	1	0	0	0	0	0	0	1	0	1	1	0	1	1	0	0	1	0	0	0	0	1	0	1	1	0	1	1	1	0	0	1	0	0	0	0	0	0	0	1	1	1	0	0	1	0	0	1	0	0	1	1	1	1	1	0	0	1	1	0	0	1	1	1	0	0	0	0	0	0	1	0	0	1	0	0	1	1	0	0	0	0	0	0	1	1	0	0	0	0	0	0	0	1	0	1	0	0	0	1	1	0	0	0	0
65	Masitinib	1	1	0	1	0	0	0	1	1	0	1	0	0	0	1	0	1	0	1	1	0	0	0	0	1	0	0	1	0	1	1	1	0	1	0	1	1	0	0	1	1	0	0	0	0	0	0	0	0	0	1	0	0	1	1	0	1	0	1	0	0	0	1	1	1	0	0	1	0	0	0	0	1	0	1	1	0	0	0	1	1	1	0	0	1	0	1	0	0	0	1	0	0	0	0	0	1	0	0	0	1	1	1	0	0	1	0	1	0	0	0	1	1	0	1	0	0	1	0	0	0	1	1	0	0	1	0	1
66	Methotrexate	1	1	0	0	0	1	0	1	0	0	1	1	0	0	0	0	0	0	0	1	0	1	0	1	0	1	0	1	1	0	0	0	0	1	0	0	0	1	0	1	0	0	1	0	1	0	0	0	0	1	0	1	1	0	0	0	0	0	0	1	1	0	0	1	1	1	0	0	0	0	0	0	1	1	0	0	0	1	1	0	1	1	0	0	1	0	1	1	1	0	0	0	0	0	0	0	1	1	0	1	1	1	1	0	0	1	0	0	0	0	0	0	0	1	0	1	0	1	0	0	0	1	1	1	0	1	0	1
67	Midostaurin	0	0	0	0	1	1	0	0	1	1	1	1	1	0	0	0	1	0	0	0	0	0	0	0	0	0	0	0	1	0	1	0	1	1	0	0	1	1	1	1	0	1	0	0	0	1	1	1	1	1	0	0	0	0	1	1	0	1	1	1	0	0	1	0	1	1	1	0	0	1	0	1	0	1	1	1	0	1	0	1	1	1	0	1	1	0	1	1	0	0	1	0	0	0	0	0	0	0	0	1	1	0	0	0	0	1	1	0	0	0	0	0	0	1	0	0	1	0	0	0	0	1	1	1	0	1	0	1
68	MK-2206	1	1	0	0	1	1	0	0	1	1	1	0	0	0	0	0	0	0	0	1	0	0	0	0	0	0	0	0	1	0	1	0	1	1	0	0	1	0	0	1	1	0	0	0	1	0	0	1	1	1	0	0	0	0	0	0	0	1	1	0	0	0	0	1	1	0	1	1	0	0	0	0	0	1	1	0	0	1	0	0	0	1	0	0	1	1	1	1	0	0	1	0	0	0	1	0	1	0	0	1	1	0	0	0	0	0	0	1	1	0	0	0	0	1	1	0	1	0	1	0	0	0	1	0	0	0	0	0
69	Motesanib	1	0	0	0	0	0	1	0	1	0	1	0	0	0	1	0	0	0	0	1	0	0	0	0	1	1	0	0	0	1	1	0	0	1	0	0	1	1	0	1	0	0	0	0	1	0	0	0	0	0	0	0	0	0	0	0	1	1	1	0	1	0	1	1	1	0	0	1	1	0	0	1	0	0	1	1	0	0	0	1	1	1	0	0	1	0	1	0	0	0	1	0	0	0	0	0	0	1	1	0	1	0	1	0	0	0	0	1	0	1	0	0	0	0	0	0	0	0	0	0	0	0	1	0	0	1	1	1
70	Navitoclax	1	1	0	0	0	1	0	0	1	0	1	1	0	0	0	1	1	0	1	1	0	0	0	1	0	0	0	1	0	1	1	0	0	1	0	0	1	0	0	1	1	0	1	1	1	1	1	1	1	1	1	1	0	1	1	1	0	1	0	0	0	1	1	1	1	0	0	0	1	1	1	0	1	0	1	1	0	1	0	1	1	1	0	0	1	1	1	0	1	0	0	0	1	0	1	0	0	1	0	1	1	1	1	0	1	1	0	1	0	0	1	0	0	0	1	0	1	0	1	0	0	1	1	1	0	1	0	1
71	NG-25	1	0	1	1	0	0	1	1	1	0	1	0	0	0	1	0	1	0	0	1	0	0	0	0	1	0	0	1	1	0	1	0	0	1	1	1	0	0	1	1	0	1	0	0	1	1	0	0	0	0	1	0	1	0	0	1	1	0	1	0	0	0	0	1	1	0	0	0	1	1	0	1	1	0	1	1	0	1	0	0	1	1	0	0	0	0	1	1	0	0	1	0	0	0	0	1	0	1	1	0	1	1	1	0	0	1	0	1	0	0	0	1	0	0	1	0	0	0	0	0	0	0	1	1	0	1	0	1
72	Nilotinib	1	1	0	1	0	0	1	0	1	1	1	0	0	0	1	1	0	0	1	1	0	0	0	0	1	0	0	1	0	0	0	0	0	1	0	0	1	1	0	1	0	1	0	1	1	1	1	0	0	0	1	0	0	1	0	0	0	0	1	1	0	1	0	1	1	1	0	1	0	0	0	0	1	0	1	0	0	0	0	0	1	1	0	1	1	0	1	0	0	0	1	1	0	0	1	0	1	0	0	0	1	0	1	0	0	1	0	1	1	0	0	1	0	0	1	0	1	0	0	0	0	0	1	0	0	1	1	1
73	NPK76-II-72-1	1	0	1	1	1	0	0	0	0	0	1	0	1	0	1	1	1	0	0	0	0	0	0	0	0	0	0	1	0	1	1	0	1	1	0	0	0	0	1	1	0	0	0	1	1	1	1	0	0	0	1	0	0	0	0	1	0	0	1	0	0	0	0	1	1	1	0	0	0	0	0	0	1	1	1	0	0	0	0	1	0	1	0	0	1	0	1	0	0	0	0	1	0	0	1	0	0	1	1	0	1	0	1	1	0	1	1	1	0	1	0	0	0	1	0	0	0	0	1	1	0	1	1	1	0	1	1	1
74	NSC-207895	0	0	0	0	0	0	1	0	0	0	1	0	0	0	1	1	1	0	0	0	0	0	0	1	0	0	0	0	0	0	1	0	0	1	1	0	0	0	0	1	0	0	0	1	0	0	0	0	0	0	0	0	0	0	0	0	0	0	0	0	1	0	0	0	0	0	0	0	1	1	1	0	1	0	0	1	1	0	0	1	0	1	0	0	1	0	1	0	0	0	0	0	0	0	0	1	0	0	1	0	1	0	0	1	0	0	1	1	0	0	0	0	0	1	0	1	0	0	0	0	0	1	1	1	0	0	0	0
75	NVP-BHG712	1	1	0	1	0	0	1	0	1	1	1	1	0	0	1	1	0	0	1	1	0	0	1	0	1	0	0	1	0	0	0	0	1	1	0	0	1	0	0	1	0	1	0	1	0	1	0	0	0	0	1	0	0	1	0	0	1	1	1	1	0	0	0	1	1	1	0	1	1	0	0	0	1	0	1	0	0	1	0	0	0	1	0	0	0	0	1	0	0	0	1	0	0	0	1	0	1	1	0	0	1	0	1	0	0	1	0	1	1	0	0	1	0	1	1	0	0	1	0	0	0	1	1	0	0	1	1	1
76	Obatoclax Mesylate	1	0	0	0	0	0	0	0	0	0	1	0	0	0	0	0	0	0	0	0	0	0	0	0	0	1	0	0	0	1	0	1	0	1	0	0	0	1	0	1	0	0	0	0	1	0	1	1	0	0	1	0	1	0	1	1	0	0	1	1	0	0	0	1	1	1	0	0	1	1	0	0	0	1	0	0	0	1	1	0	1	1	0	0	1	0	1	0	0	0	1	0	0	0	1	0	0	1	0	0	1	0	0	0	0	0	1	1	0	1	0	1	0	0	0	0	0	0	0	0	0	1	1	0	1	0	0	1
77	Olaparib	1	0	1	0	0	0	0	0	1	0	1	0	0	0	1	0	0	0	0	0	0	0	1	0	0	1	0	0	0	0	1	0	0	1	0	0	0	1	1	1	0	0	0	0	0	1	1	1	1	0	0	0	0	1	1	0	0	0	1	1	0	0	0	0	1	0	0	0	0	0	1	1	1	0	1	0	1	1	1	0	1	1	0	0	1	0	1	0	1	1	1	0	0	0	0	0	1	0	0	0	1	0	0	0	0	1	1	1	0	0	1	0	1	0	1	0	0	0	1	0	0	0	1	1	0	1	0	1
78	OSI-930	1	1	0	0	0	0	0	0	1	1	1	0	0	1	1	0	0	1	0	1	1	0	0	0	1	0	0	0	0	0	0	1	0	1	0	1	1	1	0	1	0	0	1	0	1	1	0	1	0	0	0	0	0	1	0	1	1	0	1	0	0	1	0	1	1	0	1	0	0	1	0	0	1	1	1	1	0	1	1	0	1	1	0	0	0	0	1	0	0	0	0	0	0	0	0	0	0	0	0	0	1	1	1	0	0	0	0	0	0	0	1	0	0	1	1	0	1	1	0	0	0	0	1	0	0	1	0	1
79	Palbociclib	1	0	0	0	1	0	0	0	0	0	1	0	1	0	1	0	0	0	0	0	1	0	0	1	0	0	0	0	1	1	1	0	1	1	0	1	1	1	1	1	0	0	0	0	1	1	1	1	0	1	0	0	0	0	0	0	0	0	1	0	0	0	0	1	0	0	0	0	0	0	0	1	1	1	1	1	0	1	1	0	0	1	1	0	0	0	1	0	0	0	1	0	0	0	0	0	0	0	0	0	1	0	0	0	0	1	0	1	1	0	1	0	0	0	0	0	1	1	1	0	1	1	1	1	1	1	1	1
80	Pazopanib	1	0	0	0	0	0	0	0	1	0	1	1	1	0	0	0	1	0	0	1	0	0	0	0	0	0	0	1	0	0	0	0	0	1	0	0	1	1	0	1	1	0	0	0	1	1	1	0	0	0	1	1	0	0	1	1	0	0	1	0	0	0	0	1	1	1	0	0	1	1	0	1	1	1	1	1	0	1	0	0	0	1	1	0	0	0	1	0	0	0	0	0	0	0	1	0	0	0	0	0	1	0	1	0	0	0	0	1	0	1	0	1	0	1	0	1	0	0	0	0	0	1	1	0	0	0	1	0
81	PD173074	1	0	1	0	0	1	0	1	1	0	1	0	0	1	0	0	0	0	1	0	0	0	0	0	1	0	1	1	0	1	0	1	1	1	0	0	1	0	1	1	0	0	0	0	1	1	1	0	0	0	0	0	1	0	1	1	0	1	0	0	0	1	0	1	0	0	1	0	1	1	0	0	0	1	0	0	0	0	0	0	1	1	0	0	0	0	0	0	1	0	0	1	0	0	0	0	1	0	1	0	1	1	0	1	0	0	0	1	1	0	0	1	0	1	1	1	0	0	0	1	0	0	1	1	1	1	0	1
82	Pelitinib	1	0	0	0	0	0	0	0	1	1	1	1	1	0	0	0	0	0	0	1	0	0	1	0	1	0	0	0	0	1	0	1	0	1	1	1	0	0	1	1	1	1	0	0	1	1	0	0	1	1	1	0	0	0	1	1	0	1	0	1	0	0	0	1	0	1	0	0	0	0	1	0	1	1	1	1	1	1	1	0	1	1	0	0	0	0	1	0	1	0	1	0	0	0	0	0	0	0	0	0	1	0	0	0	1	1	0	1	0	1	1	0	1	1	0	0	0	0	0	1	0	0	1	0	0	1	1	1
83	PFI-1	1	0	1	0	0	0	0	0	1	0	1	0	0	0	0	0	0	0	0	0	0	0	0	0	0	0	1	1	0	1	1	0	0	1	0	0	1	0	1	1	0	0	0	0	0	0	1	1	0	0	1	0	0	0	0	1	0	0	1	0	0	0	1	1	1	0	0	0	1	0	0	1	0	1	1	1	0	0	0	0	0	1	0	0	1	0	1	0	0	0	1	0	0	0	1	0	1	0	0	0	1	0	0	1	1	0	0	1	1	0	1	0	0	0	1	0	0	0	1	1	0	1	0	0	0	0	0	1
84	PFI-3	0	0	0	1	0	0	0	1	0	0	1	0	1	1	0	1	0	0	1	0	0	0	0	0	0	0	0	0	0	1	1	1	0	0	0	0	0	0	0	1	0	0	0	1	1	0	0	1	0	0	0	1	0	0	1	0	0	0	0	1	0	0	0	1	1	0	1	0	1	0	0	1	0	1	1	0	1	0	0	0	0	1	0	0	0	0	1	0	0	0	0	0	0	0	0	0	0	0	1	1	1	1	0	0	0	0	0	0	0	0	1	1	0	0	0	0	0	0	1	0	0	0	1	1	0	1	0	0
85	PHA-793887	1	1	0	0	0	0	0	0	1	0	1	0	0	0	0	0	1	0	0	0	0	0	0	0	1	0	1	1	0	1	1	1	0	1	0	0	1	0	0	1	0	1	0	1	0	1	0	0	0	0	0	0	1	1	0	1	0	0	0	0	0	0	0	1	0	0	1	0	1	0	0	1	1	0	1	0	0	0	1	1	1	0	0	0	1	0	0	0	0	0	1	0	0	0	0	0	0	1	0	0	1	1	0	0	0	1	0	0	1	0	0	0	0	0	0	1	0	0	0	0	0	1	1	1	0	1	1	1
86	Phenformin	0	1	0	0	0	1	0	0	0	0	0	0	1	0	0	0	1	0	0	1	0	1	0	0	0	0	0	0	0	0	0	0	0	0	0	0	0	0	0	1	0	0	1	0	0	0	0	1	0	0	1	0	0	0	0	0	0	0	1	0	0	0	0	1	1	0	0	0	0	0	0	0	0	0	0	0	0	0	0	0	1	1	0	1	0	1	1	1	0	0	1	1	0	0	0	1	0	0	0	0	1	0	0	0	0	0	0	0	0	0	0	0	0	1	0	0	0	0	0	0	0	0	0	0	0	0	0	0
87	PI-103	1	0	1	1	0	1	0	0	1	0	0	1	0	0	0	1	1	0	0	1	0	0	1	1	0	0	0	0	0	0	1	0	0	1	0	0	0	1	1	1	1	0	0	0	1	0	0	0	0	0	0	0	0	0	1	0	0	0	0	0	1	1	0	1	1	1	1	0	1	0	0	0	1	0	1	0	0	1	0	0	0	1	0	0	0	0	1	0	0	0	0	0	1	1	1	0	1	0	0	0	1	0	0	0	0	1	0	1	0	1	0	0	0	0	1	0	0	0	1	0	0	0	1	0	0	1	0	1
88	PLX-4720	1	0	0	0	0	0	0	0	1	1	1	0	0	0	0	0	0	0	0	1	0	0	0	0	0	0	1	0	0	0	0	0	0	1	0	0	0	1	1	1	0	1	0	0	1	0	0	0	1	1	0	0	0	0	0	0	0	0	0	1	0	0	0	0	1	0	0	0	1	0	0	1	1	0	1	0	0	1	0	0	1	1	0	0	0	0	1	1	1	1	1	0	0	0	1	1	0	1	1	0	1	0	1	0	0	0	1	1	0	0	0	0	0	0	0	0	0	0	1	1	0	0	1	0	0	1	0	1
89	Ponatinib	1	0	0	1	0	1	1	0	1	0	1	0	0	0	1	0	1	0	0	1	0	0	0	0	1	0	0	1	1	0	1	0	0	1	1	1	0	1	1	1	0	1	1	1	1	1	1	0	0	0	0	1	0	0	0	0	1	0	1	0	0	0	0	1	1	0	0	0	1	1	1	0	1	0	1	1	0	1	0	1	1	1	0	0	1	1	1	0	0	0	0	0	0	0	0	0	0	0	0	0	1	1	1	1	0	1	0	1	0	0	0	1	0	0	1	1	0	0	0	0	0	1	1	1	0	1	0	1
90	QL-X-138	1	1	1	0	0	0	0	1	1	0	1	0	0	0	0	0	0	1	1	1	0	0	0	0	1	0	0	1	0	1	0	1	1	1	0	1	0	1	0	1	1	0	0	1	1	0	0	0	0	0	0	0	0	0	1	1	0	1	1	0	0	0	0	1	0	1	0	1	0	1	0	0	1	1	1	1	0	1	0	0	0	1	0	0	1	0	1	1	0	0	1	0	0	0	0	0	0	1	0	0	1	0	0	0	0	1	0	1	0	1	0	1	0	0	0	0	0	1	0	0	0	0	1	0	0	1	0	1
91	QL-XII-47	1	1	1	0	0	0	0	0	1	0	1	0	0	0	0	1	0	1	0	1	0	0	0	0	0	1	0	0	0	1	1	0	1	1	0	1	0	1	0	1	1	0	0	1	1	0	0	0	0	1	0	0	0	0	1	0	0	1	1	0	1	0	0	1	0	1	0	0	1	1	0	1	1	1	1	1	0	1	0	0	1	1	0	0	1	0	1	0	0	0	0	0	0	0	0	1	1	0	1	0	1	0	0	0	0	1	0	1	1	1	0	0	0	0	0	0	0	1	0	0	1	1	1	0	0	1	0	1
92	QS11	1	1	0	0	1	1	0	1	1	0	0	0	1	0	0	1	0	0	0	1	0	0	1	1	0	0	1	0	0	0	1	0	1	0	0	0	1	0	0	1	1	0	1	0	1	0	0	1	0	0	1	0	0	0	1	1	0	0	0	0	1	0	0	1	1	0	1	0	1	0	1	1	0	0	1	0	0	0	1	1	1	1	0	0	1	0	1	0	0	1	1	0	0	0	1	1	1	0	1	0	1	1	0	0	0	0	0	1	0	0	0	0	0	0	1	0	0	1	1	0	1	0	1	0	1	0	0	0
93	Quizartinib	1	0	0	0	0	0	1	0	1	0	1	1	0	1	0	0	1	0	0	0	0	1	0	0	1	0	0	0	0	1	1	0	0	1	1	1	1	0	1	1	1	1	0	0	1	1	0	1	0	1	1	1	0	1	1	1	1	1	0	1	0	0	0	1	0	0	1	0	1	1	1	0	1	0	1	1	0	0	1	0	1	1	0	0	1	0	1	0	1	0	0	0	1	1	0	0	1	0	0	0	1	1	0	0	0	0	0	1	0	1	0	0	0	0	1	0	0	1	0	0	1	1	1	0	0	1	0	1
94	RO-3306	0	0	0	1	0	0	0	0	0	0	1	0	0	0	1	0	1	1	0	1	0	1	1	0	0	1	0	0	0	0	1	1	0	0	0	1	1	0	0	1	0	0	0	0	1	0	1	0	0	0	0	0	0	0	1	0	0	0	1	0	0	0	0	1	1	1	0	0	1	0	0	0	1	1	1	0	0	0	0	1	1	1	0	0	0	1	1	0	0	0	1	0	0	0	1	0	0	0	0	0	1	1	1	0	1	0	0	1	0	1	0	0	0	1	0	1	1	1	0	1	0	1	1	0	1	0	0	1
95	Rucaparib	1	0	0	0	0	0	1	0	1	1	1	0	1	0	0	0	0	0	0	1	0	1	1	0	0	0	0	1	0	0	1	0	0	1	1	0	0	1	0	0	0	0	0	0	1	0	0	0	0	1	0	0	0	0	1	1	0	0	1	1	0	0	0	0	1	0	0	0	0	0	1	0	1	0	1	1	0	1	0	0	1	1	0	0	1	0	1	0	0	0	1	0	0	0	0	0	1	0	0	0	1	0	0	0	0	1	0	1	0	0	0	0	0	0	0	0	0	0	0	1	0	1	0	0	0	0	1	1
96	Ruxolitinib	1	1	1	0	1	0	0	0	1	1	0	0	0	0	0	0	0	0	1	1	1	0	1	0	0	0	0	1	0	0	1	0	0	0	1	0	0	0	1	1	1	0	1	1	1	1	0	0	1	0	0	0	0	0	0	0	0	0	1	0	0	0	0	0	0	1	0	1	1	0	0	1	0	0	0	1	0	1	0	1	1	1	0	1	1	0	1	1	0	0	1	0	0	0	0	1	0	0	1	0	1	1	0	0	1	1	0	0	0	0	0	0	0	0	0	0	0	0	0	0	0	0	1	1	0	0	0	1
97	SB505124	1	0	0	0	1	0	0	0	1	0	1	1	0	0	0	1	1	0	0	0	0	0	0	0	0	0	0	1	0	0	1	0	1	1	0	0	0	0	0	0	0	0	0	0	0	0	0	0	0	0	0	1	0	0	0	0	0	1	1	1	1	0	0	1	1	0	0	1	0	1	0	1	0	0	0	0	0	0	0	0	0	1	0	1	1	0	1	1	0	0	1	0	0	0	0	0	0	0	1	0	1	0	0	0	0	0	0	1	0	0	0	1	0	1	1	0	0	0	0	0	0	0	1	0	0	0	0	0
98	SB590885	1	1	0	0	0	0	0	0	1	0	1	1	1	1	1	0	0	0	1	0	0	1	0	0	0	0	0	1	0	0	1	1	1	1	1	0	0	0	0	1	1	0	0	0	1	0	1	1	0	0	0	0	0	1	0	1	1	0	0	0	0	0	0	1	1	0	1	1	0	0	0	0	0	1	1	0	0	0	1	0	1	1	0	0	1	1	1	1	0	0	1	0	0	0	0	0	1	0	0	0	1	0	1	0	0	1	0	1	0	0	0	0	0	1	0	0	0	0	0	1	0	0	1	1	0	0	0	1
99	Selisistat	0	0	0	0	1	0	0	0	0	0	1	0	1	0	0	0	0	0	0	1	0	0	1	1	0	0	0	0	0	0	1	0	0	0	0	0	0	1	0	1	0	0	0	0	0	1	0	0	1	1	0	0	0	0	0	0	1	0	0	0	1	0	1	0	0	0	0	0	1	0	0	0	0	0	1	0	0	1	0	0	0	1	0	0	0	0	1	0	1	1	1	0	0	0	0	0	0	0	0	0	1	0	1	0	0	1	0	1	0	0	0	1	0	0	0	0	0	0	0	1	1	0	0	1	0	1	0	0
100	Selumetinib	1	1	0	0	0	1	1	0	1	0	1	0	1	1	0	0	0	1	0	1	0	0	0	0	0	0	0	0	0	0	0	0	0	1	0	0	1	1	0	1	0	0	0	1	1	1	0	0	0	1	0	0	0	0	0	1	0	0	0	1	1	1	0	1	1	0	0	0	1	0	0	1	1	0	1	0	0	0	0	0	1	1	0	0	0	0	1	0	1	1	0	0	0	0	1	1	0	0	0	0	1	0	1	1	1	0	0	1	0	1	1	0	1	0	0	0	0	0	0	0	1	1	1	0	0	1	1	0
101	Sepantronium bromide	0	1	0	1	0	0	0	0	0	0	1	0	1	1	0	1	0	0	0	0	0	0	0	0	1	0	0	0	0	0	0	1	0	1	1	0	0	0	0	1	0	0	0	0	1	0	0	1	0	0	1	1	0	0	0	1	0	0	1	0	0	0	1	0	1	0	0	1	1	0	0	0	0	1	1	0	0	0	0	1	1	1	0	0	1	0	1	0	1	1	0	0	0	0	0	0	1	0	0	0	1	1	1	0	1	0	0	1	0	1	0	0	0	1	0	0	0	1	0	0	0	1	1	0	1	0	0	1
102	Serdemetan	1	0	0	0	0	0	0	0	1	0	0	0	0	0	0	0	0	1	0	0	0	0	0	0	0	0	0	1	0	0	0	0	0	0	0	0	0	1	1	0	0	0	0	0	0	0	0	1	0	0	0	0	1	0	0	0	1	0	0	0	0	0	1	1	1	0	0	1	0	1	0	1	1	0	1	1	0	1	0	0	1	1	0	0	0	0	1	1	1	0	1	1	1	0	0	0	0	0	0	0	1	0	0	0	0	0	0	1	1	0	0	0	0	0	0	0	1	0	0	1	0	0	1	0	0	1	0	1
103	SGC0946	1	1	0	0	0	0	0	0	1	1	1	0	0	0	0	0	1	1	1	1	1	0	0	0	1	0	0	1	0	0	0	1	1	1	1	0	1	0	0	1	0	1	0	0	1	0	0	0	0	1	1	1	1	1	0	0	1	0	0	1	0	0	0	1	1	1	1	0	1	1	1	0	0	0	1	1	0	1	0	1	1	1	0	0	1	0	1	0	1	1	0	0	0	0	0	1	0	0	1	0	1	0	0	0	1	1	0	0	1	0	0	0	0	1	1	0	0	0	0	1	0	0	1	1	0	1	0	0
104	SL0101	1	1	0	0	0	0	0	0	1	1	1	1	1	1	1	0	1	0	0	1	0	0	0	0	0	0	0	0	0	1	1	0	0	1	0	0	0	0	0	1	1	0	0	1	0	0	0	0	0	1	0	0	1	0	1	1	1	1	1	1	0	0	0	0	1	0	1	0	1	0	0	1	0	1	0	0	0	1	0	1	0	1	1	0	0	0	1	0	1	1	0	0	0	0	0	0	0	0	0	0	1	1	1	0	1	1	0	1	1	0	0	0	0	0	1	0	0	1	0	0	0	1	0	1	0	1	0	0
105	SN-38	0	0	1	1	0	1	0	1	1	0	1	0	1	0	0	0	1	1	0	0	0	0	0	0	0	0	1	0	1	1	1	0	0	1	0	0	1	0	1	1	0	0	0	0	0	0	0	1	0	0	0	0	0	0	0	0	0	1	1	0	1	1	0	1	0	1	1	1	0	0	0	1	0	1	0	0	0	1	0	0	1	1	0	0	0	0	1	0	1	0	0	0	0	0	0	0	0	1	0	0	1	0	0	0	0	1	0	1	0	0	0	1	0	1	1	1	0	0	0	1	1	0	1	0	0	1	0	1
106	Talazoparib	1	0	1	0	0	0	1	0	1	0	1	1	0	0	0	0	0	0	0	0	0	1	0	0	0	1	0	0	0	0	0	0	0	1	0	0	0	0	0	1	0	0	0	1	1	1	1	0	0	0	0	0	0	0	1	0	0	0	1	1	0	0	1	0	1	1	0	0	1	0	0	0	0	0	1	0	0	1	0	0	1	1	0	0	1	0	1	0	0	0	1	0	0	0	0	0	0	0	0	0	1	1	0	0	0	1	0	1	0	0	1	0	0	0	1	0	0	0	0	0	0	1	1	1	1	1	0	1
107	Tamoxifen	0	0	1	0	0	1	0	0	0	0	1	1	1	1	0	0	0	0	1	0	0	0	0	0	0	0	0	0	0	0	0	1	0	1	0	0	1	0	1	1	0	0	0	0	1	0	0	1	1	0	1	0	0	1	0	1	0	0	0	1	0	0	0	0	1	1	1	0	0	0	0	0	0	0	0	0	0	0	1	0	1	1	0	0	0	0	1	0	0	0	0	0	0	0	0	0	0	0	0	0	1	0	1	0	1	1	0	0	0	0	0	0	1	1	0	0	0	0	0	0	0	0	0	0	0	0	0	0
108	Tanespimycin	1	0	0	0	0	0	0	1	1	0	1	1	1	0	0	1	0	1	0	1	0	0	1	1	0	0	1	0	1	1	1	1	0	1	0	0	1	0	0	1	0	1	0	1	1	0	0	0	1	0	0	0	0	1	1	1	0	0	1	1	1	0	0	0	0	0	1	0	1	0	0	0	0	1	0	0	0	1	0	1	1	1	0	0	1	0	1	1	0	1	1	0	0	0	1	0	0	1	1	1	1	0	1	1	1	1	1	1	0	1	1	0	1	0	0	0	1	0	0	0	0	1	0	1	1	1	0	0
109	Temsirolimus	0	1	1	0	1	1	1	1	1	0	1	1	1	0	1	1	1	0	1	0	0	0	1	0	0	1	1	1	0	1	1	1	1	1	0	0	1	0	1	1	0	1	1	1	1	1	1	0	0	0	0	1	1	1	1	1	0	1	1	1	0	0	0	1	0	0	0	1	0	1	1	0	1	1	1	1	0	0	1	0	1	1	0	0	0	0	0	0	0	0	1	0	1	0	1	0	0	1	0	1	1	0	1	1	1	1	1	0	0	0	1	1	1	0	1	1	0	1	0	0	0	0	1	1	0	1	1	0
110	Tipifarnib	0	1	0	0	1	0	0	1	1	1	1	1	0	0	1	1	0	0	0	1	0	0	0	0	0	0	0	0	0	0	0	0	0	1	0	1	1	1	0	1	0	0	0	0	0	1	1	1	1	1	0	0	1	0	1	0	0	0	1	0	0	0	1	0	1	0	0	1	1	0	1	0	0	0	0	1	0	1	0	0	1	1	0	0	0	0	1	1	1	1	0	0	0	0	0	0	1	0	0	0	1	1	0	0	0	0	0	1	0	0	0	0	0	0	1	0	0	1	0	0	0	1	1	0	1	0	0	1
111	Tivozanib	1	0	0	0	0	0	1	1	0	0	1	0	1	0	0	0	1	0	0	1	1	0	0	0	1	0	0	0	1	0	0	0	1	1	0	0	0	0	0	1	0	0	0	0	1	0	1	0	0	1	1	0	0	0	0	1	1	0	1	0	0	1	0	0	1	0	1	0	0	1	0	0	1	1	1	1	0	1	1	0	0	1	0	0	0	0	1	0	0	0	1	0	0	1	0	0	0	0	0	0	1	1	0	0	0	0	0	1	0	0	1	0	1	0	0	0	0	0	1	0	1	1	1	0	0	1	0	0
112	Trametinib	1	0	0	1	0	0	0	0	1	1	1	0	0	0	1	1	0	0	1	0	0	1	0	0	1	1	0	0	0	0	1	0	1	1	0	0	0	1	0	1	0	0	0	1	1	1	0	1	1	0	0	1	1	0	0	0	1	0	1	1	0	0	0	1	1	0	0	0	0	0	0	1	1	1	0	1	0	0	0	0	1	1	1	1	0	0	1	0	0	0	0	1	0	0	0	0	0	0	0	0	1	0	1	0	0	0	0	1	0	1	0	0	0	0	0	0	1	1	1	0	1	1	1	1	1	1	1	0
113	Tretinoin	0	0	1	1	1	1	0	0	1	0	1	0	0	0	0	0	0	0	0	0	0	0	0	0	0	0	0	0	0	0	1	1	0	1	0	1	1	1	0	1	1	0	0	0	0	1	0	0	1	0	0	0	0	0	1	1	0	1	1	0	1	0	0	0	0	0	0	1	0	1	0	0	0	0	1	0	0	0	1	0	1	0	0	0	0	0	0	0	0	0	1	0	1	0	0	0	1	0	0	0	1	0	0	0	1	0	1	0	0	0	0	0	0	0	0	0	1	0	0	0	0	1	1	0	0	1	0	0
114	Tubastatin A	1	1	1	0	0	1	0	0	0	0	1	0	0	0	1	0	0	0	0	1	0	0	0	1	0	0	1	0	0	0	1	0	1	1	1	0	0	1	0	1	1	0	0	0	0	1	0	1	0	0	0	0	0	0	1	0	0	0	0	0	0	0	0	0	1	0	0	0	0	0	1	0	1	0	1	0	0	1	0	1	1	1	0	0	0	0	1	1	0	0	1	0	0	0	0	1	0	0	0	0	1	1	1	0	0	1	0	0	0	0	1	1	1	0	1	0	0	0	0	0	0	1	0	0	0	1	0	0
115	TW 37	1	1	1	0	0	0	0	1	1	0	1	0	0	0	0	0	0	0	1	1	0	0	1	0	1	0	0	1	0	0	0	0	0	1	0	1	0	0	0	1	0	0	0	0	0	0	0	1	0	0	1	0	0	1	0	1	0	0	1	1	0	1	0	1	1	0	1	0	1	1	0	1	1	0	1	1	0	0	1	1	1	1	0	0	0	0	1	0	1	0	0	0	1	0	1	1	1	0	1	1	1	0	1	0	0	0	0	1	0	1	0	0	0	0	1	0	0	0	0	0	0	1	1	0	0	1	0	0
116	UNC1215	1	0	0	0	1	1	0	0	0	0	1	0	1	0	0	0	0	0	0	0	0	0	0	0	0	0	0	0	0	0	1	0	0	1	0	0	0	0	0	1	0	0	0	0	0	1	1	1	0	0	0	1	0	0	0	0	1	0	0	0	0	0	1	1	1	0	0	1	0	0	0	1	1	0	0	0	0	0	1	1	0	1	0	0	0	0	1	0	0	1	0	0	0	0	0	0	1	0	0	0	1	0	0	0	0	1	1	1	0	0	0	0	0	1	0	0	1	0	1	0	0	0	0	1	1	1	1	0
117	Veliparib	0	0	0	1	1	0	0	0	0	0	1	0	1	0	0	1	0	0	0	1	0	1	0	0	0	0	0	0	1	0	1	0	1	1	0	0	1	0	0	1	0	0	0	0	0	0	0	0	0	1	0	0	0	1	0	0	0	1	0	0	1	1	0	1	1	0	0	0	0	0	0	1	0	0	0	0	0	0	0	1	0	1	0	0	0	0	1	0	0	0	1	0	0	0	0	0	0	0	0	0	1	0	1	0	0	0	0	0	0	0	1	0	1	0	0	0	0	0	0	1	0	0	1	1	0	1	1	0
118	Vinblastine	1	0	1	0	0	0	0	0	1	1	1	1	0	0	1	1	0	0	0	1	1	0	0	1	0	0	0	0	1	1	1	0	1	1	1	1	1	1	1	1	0	0	1	0	0	0	1	1	0	0	1	1	0	1	1	1	0	0	1	0	1	0	1	0	1	1	0	1	1	1	1	1	1	1	1	0	1	1	0	0	1	1	1	1	0	0	1	1	0	0	1	0	0	0	0	1	1	0	1	1	1	0	1	0	1	1	1	1	1	0	1	0	0	0	0	0	0	0	0	1	1	1	0	1	0	1	1	0
119	Vismodegib	1	0	0	1	0	1	0	0	0	0	1	0	0	0	0	0	0	0	0	1	0	0	1	1	1	0	1	0	0	0	0	0	0	1	0	0	1	0	0	1	0	0	0	0	1	0	0	1	0	1	0	0	1	0	0	0	1	1	1	1	0	0	0	1	1	1	0	1	1	0	0	1	0	0	1	1	1	0	0	1	0	1	0	0	1	0	1	0	0	0	0	0	0	0	1	0	1	0	0	0	1	0	1	0	0	0	0	1	0	0	1	0	0	0	0	0	0	1	0	0	0	0	1	1	1	1	0	0
120	Vorinostat	1	0	0	0	0	1	0	0	0	0	1	0	0	0	0	0	0	0	0	0	0	0	0	0	1	0	0	0	1	0	0	0	0	0	0	0	0	0	0	1	0	1	0	0	0	0	0	1	0	0	0	0	0	1	1	0	0	0	0	1	0	0	0	1	1	0	0	0	0	0	0	0	0	0	0	0	0	0	0	0	1	1	0	0	0	0	1	0	0	0	0	0	0	0	0	1	0	0	0	0	1	0	1	0	0	0	0	0	0	0	1	0	0	0	0	1	0	0	0	1	0	0	0	0	0	1	0	0
121	VX-702	0	0	1	0	0	0	1	0	1	0	1	0	1	0	0	1	0	0	0	1	0	0	1	1	0	0	0	0	0	1	0	0	0	0	0	0	0	0	0	1	1	0	0	0	0	0	0	0	1	0	1	0	0	1	0	0	0	0	0	1	0	0	0	1	1	0	1	1	0	1	0	1	0	0	0	0	0	0	0	1	0	1	0	1	0	0	1	0	0	0	0	0	0	0	0	0	1	0	0	0	1	0	0	0	0	0	1	1	0	0	1	0	1	1	1	0	0	0	1	0	0	0	1	0	0	1	1	0
122	WHI-P97	1	0	0	0	0	1	0	0	0	0	0	0	1	0	0	0	0	0	1	0	0	0	0	0	0	0	1	0	0	0	0	0	0	1	0	0	0	0	0	1	0	0	0	0	1	0	0	0	0	0	1	0	0	1	0	1	0	0	0	0	0	0	0	1	0	1	1	0	1	0	0	0	0	1	1	0	0	1	0	0	0	1	0	0	0	0	0	1	1	0	0	0	0	1	0	1	0	0	0	0	1	0	1	0	0	1	0	1	0	1	0	0	1	0	0	0	0	0	0	0	1	1	1	0	0	0	0	0
123	WZ3105	1	1	1	0	0	0	0	0	0	1	1	1	0	0	1	1	0	0	0	0	0	0	0	1	1	0	1	1	0	1	1	0	1	1	0	0	1	0	0	1	0	1	0	1	1	1	1	0	0	0	0	1	0	1	1	0	1	0	0	0	1	1	0	1	1	0	0	1	1	0	0	1	0	1	0	1	0	0	0	1	0	1	0	0	0	0	1	0	0	0	0	0	0	0	0	0	1	0	1	0	1	0	0	0	0	0	0	1	1	1	0	0	1	1	0	0	0	0	1	1	1	0	1	1	0	1	0	0
124	XAV939	1	1	0	0	0	0	0	0	1	1	1	0	1	0	0	0	0	0	0	0	1	1	0	1	1	0	0	0	1	0	1	0	0	0	1	1	0	0	0	0	0	1	0	0	0	1	1	0	1	0	0	0	0	0	0	0	0	0	1	0	0	0	0	1	0	0	0	0	0	0	0	0	1	1	1	0	1	0	0	1	0	1	0	0	0	0	1	0	0	0	1	1	0	0	0	0	0	0	1	0	1	0	0	0	0	1	0	0	1	0	1	0	0	0	1	0	0	0	0	0	0	1	1	0	0	0	0	1
125	YM201636	1	0	1	1	0	1	0	0	1	0	1	1	0	0	0	1	1	0	0	1	0	0	1	1	1	0	0	0	0	0	1	0	0	1	0	0	0	1	0	1	1	0	1	0	1	0	0	0	0	1	0	0	0	0	1	0	1	0	1	0	1	1	1	1	1	1	0	0	1	0	0	0	1	0	1	0	1	1	0	0	0	1	0	0	0	0	1	0	0	0	0	0	1	1	1	0	1	0	0	0	1	0	1	0	1	1	0	1	0	1	0	0	0	0	1	0	0	0	1	0	0	0	1	0	0	1	0	1
126	ZM447439	1	1	0	1	0	1	0	0	0	0	1	1	1	1	0	0	1	0	1	0	0	0	0	0	1	0	1	0	0	0	1	0	0	1	0	0	0	0	0	1	0	0	0	0	1	0	0	1	1	0	1	0	0	1	1	1	0	1	1	0	0	0	0	1	1	1	0	0	1	0	0	0	1	1	1	1	0	1	0	0	1	1	0	0	0	0	1	1	0	0	0	0	0	1	0	0	0	0	0	0	1	0	1	0	0	1	0	1	0	0	1	0	1	0	0	0	1	0	0	1	1	1	1	0	0	1	0	1
127	MK-8776	1	0	0	0	1	0	0	0	1	1	0	0	0	0	0	0	0	0	0	1	0	0	0	1	0	0	1	0	1	0	1	0	1	1	0	0	0	0	0	1	0	1	0	1	1	1	0	0	0	1	1	0	0	1	0	0	1	0	0	0	0	0	0	1	0	0	0	0	0	1	0	1	1	0	0	1	0	0	0	0	1	1	0	0	0	0	1	0	1	0	1	0	0	0	0	1	1	0	1	0	1	0	1	0	1	1	0	0	0	0	0	0	0	0	0	0	0	1	0	0	0	1	1	1	0	0	0	1
128	VE821	1	0	0	1	0	1	0	0	1	0	1	1	0	0	0	0	0	0	0	1	0	0	0	0	1	1	0	0	0	0	0	0	1	1	0	0	1	0	0	1	0	0	0	0	1	0	0	1	0	1	0	1	1	1	0	0	0	0	1	0	0	0	0	1	1	0	1	0	1	0	0	0	0	0	0	1	0	0	0	0	0	1	0	1	1	0	1	0	0	0	0	0	0	0	1	0	0	0	0	0	1	0	1	0	0	0	1	0	0	0	0	0	1	0	0	0	0	0	0	0	0	0	1	0	1	1	0	1
129	Alisertib	1	0	1	0	0	1	0	1	1	0	1	0	0	0	0	1	0	0	1	1	0	0	0	1	0	0	0	1	0	0	1	0	1	1	0	1	0	1	0	1	1	0	0	0	1	1	1	0	1	1	1	0	0	0	0	1	0	0	1	1	0	0	0	1	1	0	0	1	0	0	0	1	1	1	1	1	0	0	0	0	1	1	0	1	1	0	1	0	1	1	0	0	0	0	0	0	1	0	0	0	1	0	1	0	0	0	0	1	0	0	0	1	1	1	0	1	0	0	1	0	0	1	1	0	0	1	0	1
130	Sabutoclax	1	1	0	0	0	1	0	0	0	1	1	0	0	0	0	0	0	0	0	0	0	0	0	0	0	0	0	1	0	1	0	0	0	1	0	0	0	1	0	1	0	0	0	0	0	1	0	1	1	0	0	0	0	0	0	0	0	0	1	0	0	0	0	0	1	0	1	0	0	1	0	1	0	0	1	0	0	1	1	0	1	1	1	1	0	1	1	0	0	0	1	1	0	0	1	0	0	0	0	0	1	0	1	0	0	0	0	1	0	1	0	1	1	0	0	0	0	0	1	0	0	0	1	0	0	1	0	0
131	Nelarabine	1	1	0	0	0	0	0	1	0	0	0	0	0	0	0	0	1	1	0	1	0	0	0	0	1	1	0	0	0	0	0	0	1	1	0	0	1	0	0	1	0	0	0	0	1	0	0	0	1	1	1	0	1	0	0	1	0	0	0	0	1	0	0	1	0	1	1	0	0	0	1	1	0	1	0	1	0	0	0	1	1	1	1	0	0	0	0	0	1	0	0	0	0	0	1	0	0	0	1	0	1	0	0	1	0	1	0	0	1	0	0	0	0	0	0	0	0	0	0	0	0	0	1	1	0	0	0	0
132	Ibrutinib	1	0	0	0	1	1	0	0	1	0	1	1	0	0	0	0	0	0	1	1	0	0	0	0	0	0	0	0	0	0	1	0	1	1	0	0	1	0	0	1	0	0	0	0	1	1	0	1	0	1	1	1	0	1	1	1	0	0	1	0	0	0	1	1	1	1	1	1	0	0	0	0	1	1	0	1	0	0	1	0	0	1	0	0	0	0	1	1	0	1	0	0	0	0	0	0	0	1	0	1	1	0	0	0	0	1	0	0	0	1	0	0	0	1	0	0	0	0	1	0	1	0	1	1	0	1	0	0
133	Sapitinib	1	0	0	0	0	1	0	1	1	0	1	0	1	1	0	1	0	0	1	1	0	1	1	0	0	0	1	0	0	0	1	0	1	1	0	0	0	1	0	1	0	1	0	0	1	1	0	0	1	1	1	0	0	0	0	1	0	0	0	1	0	0	0	1	1	0	0	0	1	0	0	0	1	1	1	0	0	1	1	0	1	1	0	0	0	0	1	1	0	1	0	0	0	1	1	0	0	0	0	0	1	0	0	0	0	1	0	1	0	1	1	0	1	1	0	0	0	0	0	1	0	1	1	1	0	1	0	1
134	SB216763	0	1	0	0	0	1	0	0	0	1	1	0	0	0	0	0	0	0	0	1	1	0	1	0	0	0	0	0	0	1	0	0	0	1	0	0	1	1	0	1	1	0	0	0	0	1	0	1	1	1	0	0	0	0	0	0	0	1	1	0	0	0	0	0	1	0	1	0	1	0	1	0	0	0	0	0	0	1	0	0	1	1	0	0	0	0	1	0	1	0	1	0	0	0	0	0	1	0	0	0	1	0	0	0	0	0	0	1	0	0	1	0	0	0	0	0	0	0	0	0	0	1	0	0	0	0	0	1
135	Leflunomide	1	1	0	0	0	0	0	0	1	1	1	0	0	0	0	0	1	0	0	1	0	0	0	0	1	0	0	0	0	0	0	0	0	1	0	0	0	0	0	1	0	1	0	0	0	1	0	0	0	0	0	0	0	1	0	0	0	0	1	0	0	0	0	1	1	0	0	1	0	0	0	1	0	0	0	1	0	0	0	1	0	1	0	0	0	0	1	0	0	0	0	0	0	0	0	0	0	0	0	0	1	1	1	0	0	0	0	0	1	0	0	0	0	0	1	1	0	0	0	0	1	0	1	0	0	1	0	1
136	Ipatasertib	1	1	1	0	1	0	0	0	0	0	1	0	1	0	1	0	0	0	1	1	0	1	0	1	0	0	0	1	0	1	1	0	0	1	0	1	0	0	1	1	0	0	1	0	1	0	1	0	1	1	0	0	0	1	0	0	1	0	0	0	0	1	0	0	1	1	0	0	0	0	0	0	1	0	0	0	0	0	0	0	1	1	1	0	0	1	1	0	1	1	0	1	0	0	1	0	1	0	0	0	1	0	0	0	0	1	1	0	1	0	1	0	1	0	0	0	0	0	0	0	0	0	1	1	0	1	0	0
137	NVP-ADW742	0	0	0	0	1	1	0	0	1	0	0	0	1	0	1	1	0	1	1	1	0	0	0	0	0	0	0	0	0	1	1	0	1	0	0	0	1	0	1	1	1	0	1	0	1	0	0	1	0	1	1	1	0	0	0	1	0	0	0	0	0	0	0	0	1	1	1	1	0	0	0	0	1	0	0	0	0	0	1	0	1	1	0	0	0	0	1	0	0	0	1	0	0	1	0	0	1	0	0	1	1	0	0	0	0	1	0	1	0	1	0	0	0	1	0	0	0	0	1	0	0	1	1	1	0	0	0	1
138	Teniposide	1	1	0	1	0	0	1	1	1	1	1	0	0	0	1	0	1	0	0	0	1	0	0	0	0	0	0	1	0	0	1	1	1	1	1	1	0	1	0	1	1	0	0	1	0	1	0	0	0	1	1	1	1	0	0	1	0	1	1	0	0	0	1	1	1	1	1	0	0	1	0	1	0	1	1	0	1	0	0	1	0	1	1	1	0	0	1	0	0	0	0	1	0	1	1	0	0	1	1	1	1	1	0	0	0	1	1	1	0	0	1	0	0	1	0	0	1	0	0	0	0	1	0	1	0	0	0	1
139	AZD5363	1	1	1	0	0	0	0	0	0	0	1	0	0	0	0	0	0	0	1	1	0	1	0	1	0	0	0	0	0	1	1	0	0	0	1	1	1	0	1	1	0	0	0	0	1	0	1	1	1	1	0	0	0	0	1	1	0	1	1	0	0	1	0	0	1	0	1	0	0	0	1	1	1	0	0	0	0	1	0	0	1	1	1	0	0	1	1	1	1	1	1	0	0	0	1	1	0	0	1	1	1	0	0	0	0	1	0	0	0	0	0	0	0	1	0	0	0	1	0	0	0	0	1	1	0	1	0	0
140	AZD6738	1	0	1	1	0	0	0	0	0	0	1	1	0	0	0	1	1	1	0	1	0	0	0	0	0	0	1	0	0	1	1	1	0	1	1	0	1	1	1	1	0	0	0	0	1	0	0	0	0	0	1	0	1	0	1	0	0	1	0	0	0	0	0	1	0	0	0	0	1	0	0	1	1	0	1	0	0	1	0	0	0	1	0	0	0	1	1	1	0	0	1	0	0	0	1	1	1	1	1	0	1	0	1	1	0	1	0	1	0	0	0	1	0	0	0	0	0	0	0	0	0	1	1	1	0	0	0	0
141	EPZ004777	1	1	0	0	0	0	0	0	1	1	1	0	0	0	0	0	1	0	1	1	1	0	0	0	1	0	0	1	0	0	0	1	1	1	1	0	1	0	0	1	0	1	0	0	1	0	0	0	0	1	0	1	1	1	0	0	1	0	0	1	0	0	0	1	0	1	1	0	1	1	1	0	0	0	0	1	0	1	0	1	1	1	0	1	1	0	1	0	1	1	0	0	0	0	0	0	0	0	1	0	1	0	0	0	1	1	0	0	1	0	0	0	0	1	1	0	0	0	0	1	0	0	1	1	0	1	0	1
142	Paclitaxel	1	1	1	1	0	1	0	0	0	1	1	1	1	0	0	0	1	1	0	1	1	0	0	0	0	0	1	0	1	1	1	0	1	1	1	0	1	0	1	1	1	1	1	0	0	1	0	1	0	0	1	1	0	0	1	1	0	1	1	0	1	1	0	1	1	1	1	0	1	0	0	1	1	0	1	0	0	0	1	0	0	1	0	0	0	1	1	0	1	0	0	1	0	1	1	0	1	0	0	1	1	0	1	0	0	1	0	0	0	0	0	0	0	0	1	0	1	1	0	1	1	1	1	1	0	1	0	0
143	P22077	0	1	1	0	0	0	1	0	1	1	1	0	0	0	0	0	0	0	0	0	0	0	0	0	0	1	0	0	1	0	0	1	0	1	1	1	0	0	0	1	1	0	0	1	0	0	0	0	1	1	1	0	0	0	0	0	0	0	0	1	0	0	1	0	0	0	0	0	0	0	1	0	0	0	0	1	1	0	0	1	0	1	0	0	0	0	1	0	0	0	0	0	0	0	0	0	0	0	1	0	1	0	0	0	0	1	0	1	0	0	0	0	0	1	1	0	1	0	0	1	0	1	0	0	0	1	0	0
144	PCI-34051	1	0	1	0	0	0	0	0	0	0	1	0	0	1	1	1	0	0	0	1	0	0	0	0	0	0	0	0	0	0	0	0	0	1	0	0	0	0	0	1	0	0	0	0	0	1	0	1	1	1	0	0	0	0	1	1	0	0	0	0	0	0	0	1	0	0	1	1	0	0	0	1	0	1	0	1	0	1	1	0	1	1	0	1	0	0	1	0	0	0	1	0	0	0	0	1	0	0	0	0	1	1	1	0	0	1	0	1	0	0	1	0	1	0	0	0	0	0	0	0	0	1	0	0	0	1	0	0
145	Sorafenib	1	0	0	0	0	1	1	0	1	1	1	0	0	0	0	0	0	0	0	1	0	0	1	0	1	1	1	0	0	0	0	0	0	1	1	1	0	0	0	1	1	1	1	0	1	1	0	0	0	1	0	0	0	1	0	1	1	0	0	0	0	1	0	1	0	1	1	0	0	1	1	0	0	0	1	1	0	0	1	0	0	1	0	0	0	0	1	1	0	1	1	0	0	0	0	0	0	0	0	0	1	0	1	0	0	0	0	1	0	0	1	0	0	0	1	0	0	0	0	0	0	0	1	1	0	1	0	0
146	Cyclophosphamide	0	0	0	0	1	0	0	0	0	0	1	0	0	0	0	0	1	1	0	1	0	0	0	0	0	0	0	0	0	0	1	1	0	0	0	0	0	0	0	0	0	0	1	1	1	0	0	0	1	1	0	0	1	0	1	0	0	0	0	0	0	0	0	1	0	0	0	0	0	0	0	0	0	0	0	0	0	0	0	0	1	0	0	0	0	1	0	0	0	0	1	0	0	0	0	0	0	0	0	0	0	0	0	0	0	0	0	0	0	1	0	0	1	1	0	0	0	0	0	0	1	0	0	0	0	0	0	0
147	MG-132	1	1	0	0	0	1	0	0	0	1	1	0	0	0	0	0	0	0	0	1	0	0	0	0	0	0	0	1	0	0	0	0	0	1	0	1	0	0	0	1	1	0	1	0	0	0	0	1	0	0	0	0	0	0	1	1	0	1	0	0	0	1	0	0	1	0	0	0	0	0	0	0	0	0	1	0	0	0	0	0	1	1	0	0	0	0	1	0	0	0	1	0	0	0	1	0	1	0	0	0	1	0	0	0	0	1	0	0	1	0	1	0	0	0	0	0	0	1	0	1	0	0	1	1	1	1	0	0
148	AZD5991	0	0	0	0	1	1	0	0	1	0	1	0	0	0	0	1	1	0	0	1	0	0	1	0	1	0	1	1	1	1	1	0	1	1	0	1	1	1	1	1	0	0	0	0	0	0	0	1	0	1	1	0	1	0	1	0	0	1	1	0	0	0	0	1	1	0	0	0	1	1	0	0	1	1	1	0	0	1	0	1	0	1	0	1	1	1	1	1	0	0	0	1	0	1	0	1	1	0	0	1	1	0	1	0	1	1	0	1	0	0	1	1	0	1	0	1	0	0	1	1	1	1	1	0	0	1	1	0
149	Dactinomycin	1	1	0	1	1	1	0	0	0	0	1	1	1	1	1	0	1	0	0	1	0	0	0	0	0	0	1	1	0	1	1	1	1	1	0	1	0	0	1	1	1	0	0	0	1	1	1	0	0	1	1	0	0	0	0	0	0	0	1	0	1	0	1	1	0	0	0	1	1	0	0	1	1	0	1	1	0	0	1	1	0	1	1	1	0	0	1	1	0	0	1	0	0	1	0	0	0	0	1	0	1	0	1	1	0	1	0	0	1	0	1	1	0	0	1	1	0	0	0	0	1	1	1	1	1	1	1	0
150	ABT737	1	1	0	0	0	1	0	0	1	0	1	1	1	0	0	1	1	1	0	1	0	0	0	1	0	0	0	1	0	0	1	1	0	1	0	0	0	0	0	1	1	0	0	1	0	0	1	1	1	1	1	1	1	1	1	0	0	0	0	0	0	1	0	1	1	0	0	0	1	1	1	0	1	0	1	1	1	1	0	0	1	1	0	0	0	1	1	0	1	0	0	0	0	0	1	0	1	0	1	1	1	1	1	0	0	1	0	1	0	0	1	0	0	1	0	0	1	0	1	0	0	0	0	1	0	1	0	1
151	AZD1332	1	1	1	1	0	0	1	1	1	0	0	0	0	0	0	0	0	0	0	1	0	0	0	0	1	0	0	1	0	1	1	0	1	1	1	0	0	1	0	0	0	0	1	1	1	0	1	0	1	1	1	0	0	0	0	1	1	0	1	1	0	0	0	1	0	0	0	0	1	0	0	0	0	1	1	0	0	0	0	0	0	1	1	0	1	0	1	0	0	1	1	1	0	0	0	0	0	0	0	0	1	0	0	1	0	1	0	1	0	0	1	0	0	0	0	1	0	1	0	0	0	0	1	0	0	0	0	1
152	Osimertinib	1	1	0	0	0	1	0	0	0	1	1	1	1	0	0	1	0	0	0	1	0	0	0	0	1	0	0	1	0	1	0	1	0	1	0	1	0	1	0	1	0	0	0	1	1	1	1	1	0	0	1	0	0	1	1	1	0	0	0	0	0	1	0	1	1	0	0	1	1	0	0	0	1	1	1	0	0	1	0	0	1	1	0	0	1	0	1	1	0	0	0	0	0	0	0	0	1	0	1	0	1	0	0	0	1	1	0	1	0	1	0	1	1	1	1	0	0	1	0	0	0	1	1	1	0	1	0	1
153	Dinaciclib	1	0	0	0	1	0	0	1	1	0	1	0	0	0	0	1	1	0	1	0	0	0	1	1	0	0	1	0	1	0	1	0	1	1	1	0	0	0	1	1	0	0	1	1	1	1	0	1	0	0	0	0	0	1	1	0	0	0	1	0	0	0	0	1	1	0	0	0	0	1	0	0	1	0	0	1	0	0	1	1	1	1	0	0	1	0	1	1	0	1	1	0	0	0	1	0	0	0	0	0	1	0	0	0	0	0	0	1	0	0	0	0	0	0	0	1	0	0	0	0	0	0	1	1	0	0	0	1
154	Staurosporine	1	0	0	0	1	1	0	0	1	1	1	1	1	0	0	0	1	0	0	0	0	0	1	0	0	1	0	0	1	0	1	0	1	1	0	0	1	1	1	1	0	1	0	0	0	1	1	1	0	1	0	0	0	0	1	1	0	0	1	0	0	0	1	1	1	1	1	0	0	0	0	1	0	1	1	0	0	1	0	0	1	1	0	1	1	0	1	1	0	0	1	0	0	0	0	0	0	0	0	1	1	0	0	0	0	1	1	0	1	1	0	0	0	0	0	0	1	0	0	0	0	1	1	1	0	0	0	1
155	Ribociclib	1	0	1	0	1	0	0	0	0	0	1	1	0	1	1	0	0	0	0	0	1	0	0	1	1	0	0	0	1	1	1	0	1	1	0	1	1	1	1	1	0	0	0	0	1	1	1	1	0	1	0	0	0	0	0	0	0	0	0	0	0	0	0	1	0	0	0	0	0	1	0	1	1	1	1	1	0	0	0	0	0	1	0	0	0	0	1	0	0	0	1	0	0	0	1	0	0	0	0	0	1	0	0	0	1	1	0	1	1	0	0	0	0	1	0	0	1	1	1	0	0	0	1	1	0	1	1	1
156	GSK2578215A	1	0	0	1	0	1	0	0	1	0	1	0	0	0	0	0	0	1	0	1	1	0	0	0	1	0	0	1	0	0	0	0	1	0	0	0	0	0	0	1	1	0	1	0	1	0	0	1	0	1	1	0	0	1	0	1	0	0	1	1	0	0	0	1	1	0	0	1	0	0	0	1	0	0	1	0	0	0	0	1	1	1	0	0	0	0	1	0	0	0	1	0	1	0	1	0	0	0	1	0	1	0	1	0	0	1	0	1	0	0	0	0	0	0	0	0	1	0	0	0	0	0	1	0	0	1	0	1
157	Venetoclax	1	0	0	0	0	0	0	1	1	0	1	1	0	0	0	0	1	0	0	1	0	0	1	1	0	0	0	0	0	1	1	0	0	1	0	0	1	0	1	1	1	0	0	1	1	1	1	1	1	1	1	1	1	1	1	1	0	0	0	0	1	0	0	1	1	0	1	1	1	0	1	1	1	0	1	1	1	1	0	1	1	1	0	0	1	0	1	0	1	0	1	1	1	0	1	1	0	1	1	0	1	1	1	0	1	1	0	1	0	0	0	0	1	1	0	0	0	0	1	1	1	0	1	1	0	1	0	1
158	Vincristine	1	0	1	0	0	0	0	0	1	1	1	1	0	0	0	1	0	0	0	1	1	0	0	1	0	0	0	1	1	1	1	0	1	1	1	1	1	1	1	1	0	0	1	0	0	0	1	1	0	0	1	1	0	1	1	1	0	0	1	0	1	0	1	0	1	1	0	1	1	1	1	1	1	1	1	0	1	1	0	0	1	1	1	1	0	0	1	1	0	0	1	0	0	0	0	0	1	0	1	1	1	0	1	0	1	1	1	1	1	0	0	0	0	0	1	0	0	0	0	1	1	1	0	1	0	1	1	0
159	Uprosertib	1	1	0	1	0	0	0	0	1	0	1	1	0	0	0	1	1	0	0	1	0	0	0	0	0	0	0	0	0	0	0	0	0	1	0	0	0	0	0	1	1	0	1	1	0	0	0	0	1	1	0	0	0	0	1	1	0	0	1	1	0	0	0	0	0	0	0	1	1	0	1	0	0	0	1	1	0	0	0	1	1	1	0	0	0	1	1	0	1	0	1	0	0	0	0	0	1	0	0	0	1	0	1	0	0	1	0	1	1	0	1	0	0	0	1	0	0	1	0	0	0	1	1	0	0	1	0	1
160	LGK974	1	0	0	0	0	0	0	0	1	0	1	0	0	0	0	0	0	0	1	1	0	0	0	0	1	0	0	1	0	0	0	0	1	1	0	0	1	0	0	1	1	1	0	0	1	0	0	1	0	0	1	0	0	0	0	0	0	0	1	0	0	0	0	0	0	1	0	1	0	1	0	1	0	0	1	1	0	0	0	1	1	1	0	0	1	0	1	0	0	0	1	1	1	0	0	0	0	0	0	0	1	1	0	0	0	0	0	1	0	0	0	1	1	0	0	0	0	1	0	1	0	1	1	0	0	1	1	1
161	IWP-2	1	1	1	0	0	1	0	0	0	0	1	0	0	0	0	0	0	0	0	0	0	1	0	0	1	1	0	0	1	1	1	1	0	1	1	1	0	1	0	1	0	1	1	0	0	1	0	1	1	0	0	0	0	0	0	0	0	0	1	0	0	1	0	1	1	1	0	0	0	0	1	1	0	1	1	0	1	0	1	0	1	1	0	0	0	1	1	0	0	1	0	0	0	0	0	1	0	0	1	0	1	0	0	0	0	0	0	1	0	0	0	0	0	1	0	0	1	1	0	0	1	0	1	0	0	1	0	0
162	Lapatinib	1	0	0	0	0	1	1	0	1	0	1	0	0	1	1	1	1	1	1	1	1	0	0	0	1	0	1	1	0	0	0	0	0	1	0	0	0	0	0	0	0	0	1	0	1	1	0	0	0	1	1	0	1	0	1	1	0	0	0	1	0	0	0	1	1	1	0	0	1	0	1	0	0	1	1	1	0	1	0	1	1	1	0	0	0	0	1	1	0	0	1	0	0	0	1	1	0	1	1	0	1	0	1	0	0	1	0	1	1	0	1	0	0	1	0	0	0	1	0	0	1	1	1	0	0	0	0	1
163	MIM1	0	0	1	0	1	0	0	0	0	0	1	0	0	0	0	0	0	0	0	0	0	0	0	0	0	0	0	1	0	0	1	1	0	1	1	1	0	0	0	1	1	0	0	0	0	1	0	0	0	0	0	0	0	0	1	0	1	0	1	0	0	0	0	0	0	1	1	1	0	1	0	1	1	1	1	0	0	0	0	0	0	1	0	0	0	1	1	0	0	0	1	0	0	1	0	0	1	0	1	0	1	1	1	0	0	0	0	0	0	1	1	0	0	1	0	1	0	0	0	0	0	0	1	1	0	0	0	0
164	Niraparib	0	0	0	0	1	0	1	0	0	1	1	1	1	0	0	1	0	0	0	1	0	0	0	1	0	0	0	0	1	0	1	0	0	1	0	0	1	0	0	1	0	0	0	0	0	1	0	1	0	1	0	0	0	1	0	0	1	0	0	0	1	0	0	1	1	0	0	0	0	0	0	1	0	0	0	1	0	0	0	0	1	1	0	0	0	0	1	0	0	0	1	0	0	1	1	0	0	0	0	1	1	0	1	0	0	1	0	0	0	0	1	0	1	0	0	0	0	0	0	0	0	0	1	1	0	1	0	1
165	MIRA-1	0	0	1	0	0	0	0	0	0	0	1	0	0	0	0	0	0	0	0	1	0	0	0	0	0	0	1	0	0	0	0	0	0	1	0	1	0	0	1	1	0	0	0	0	0	0	0	1	0	0	1	0	0	1	0	1	0	0	1	0	0	0	0	0	0	1	0	0	0	0	0	0	0	0	0	0	1	0	0	0	1	1	0	0	1	0	0	0	0	0	0	0	0	0	0	0	0	0	0	0	1	0	0	0	1	0	1	0	0	0	0	0	0	0	0	0	0	0	0	0	0	0	0	0	0	1	0	0
166	AZ6102	1	1	0	0	0	0	1	0	1	0	1	0	1	0	0	1	0	0	0	0	1	1	0	1	0	0	0	0	0	1	1	0	1	1	1	0	0	0	0	1	1	0	0	0	1	0	1	0	0	0	0	0	0	0	0	0	0	0	1	0	0	0	0	1	0	0	0	0	1	0	0	0	0	1	0	0	0	1	0	1	0	1	0	0	0	1	1	0	1	1	1	0	0	0	1	0	1	0	1	1	1	0	0	1	0	0	1	1	0	0	1	1	0	0	0	0	0	0	0	1	0	1	1	1	0	0	0	1
167	EPZ5676	0	1	0	0	1	0	0	1	1	1	0	0	1	0	0	1	1	0	1	1	0	0	1	0	1	0	0	1	0	1	1	0	1	1	0	0	1	0	0	1	0	1	0	0	1	0	1	0	0	1	0	1	1	0	1	0	0	0	0	1	1	1	0	1	1	1	1	0	1	0	1	1	0	1	0	1	0	0	0	1	1	1	0	1	0	0	1	1	0	0	1	1	0	0	0	0	1	0	1	0	1	1	0	0	1	1	0	1	0	0	0	0	0	1	1	0	0	1	0	1	1	1	1	1	0	0	0	1
168	Fulvestrant	0	0	0	1	0	0	0	1	1	0	1	1	1	0	0	1	0	0	0	0	0	1	0	0	0	0	0	0	1	0	1	1	0	1	0	0	1	0	0	1	0	0	0	1	0	1	1	0	0	1	1	0	0	0	0	0	0	0	0	1	0	0	1	0	1	0	1	0	0	1	1	1	1	1	1	0	0	0	1	0	1	1	0	1	1	0	1	0	1	0	0	0	0	0	0	0	0	0	1	0	1	0	0	1	0	1	0	1	0	0	0	0	0	1	1	0	0	0	0	1	1	0	1	1	0	1	0	0
169	WIKI4	1	1	1	0	0	0	0	0	1	0	1	0	1	1	0	1	0	0	0	0	0	0	0	0	0	0	0	0	0	0	1	0	1	1	0	0	0	0	0	1	1	1	0	0	0	0	0	0	0	0	0	0	0	0	0	1	1	0	1	0	0	0	1	1	1	0	1	1	0	0	0	0	0	1	1	0	1	0	1	0	1	1	0	0	0	1	1	0	1	0	0	0	0	0	0	0	1	0	0	0	1	1	0	0	0	1	1	1	0	0	0	1	1	0	0	0	1	0	0	1	0	1	1	1	0	1	0	1
170	BI-2536	1	0	1	1	1	1	0	0	0	0	1	0	0	0	1	1	1	0	0	0	0	0	0	0	0	0	0	1	0	0	1	0	1	1	1	0	0	0	1	1	0	0	0	1	1	1	1	0	0	0	1	0	0	0	0	1	0	0	1	0	0	0	1	1	1	1	0	0	0	0	1	0	1	1	1	0	0	0	0	1	1	1	0	0	1	0	1	0	0	0	0	1	0	0	1	0	0	1	1	0	1	0	1	0	0	1	1	1	0	0	0	0	0	1	0	0	0	0	1	1	0	1	1	1	0	1	1	1
171	UMI-77	1	1	0	0	1	1	0	0	0	0	1	0	1	1	0	0	0	0	0	0	1	0	0	0	0	0	0	0	0	0	0	0	0	0	0	0	0	1	0	1	1	0	0	0	0	0	0	1	0	0	0	0	0	0	0	0	0	1	0	0	0	0	0	1	1	0	1	0	1	0	0	0	1	1	1	1	0	1	0	0	1	1	0	0	0	1	1	0	1	0	0	0	0	0	1	1	1	0	0	0	1	0	0	0	0	0	0	1	1	0	0	0	0	1	0	1	1	0	1	0	0	0	0	0	0	1	1	0
172	RVX-208	1	0	0	0	0	0	0	1	1	0	1	0	1	1	0	0	0	0	0	0	1	0	0	0	0	0	0	0	0	0	0	0	1	1	0	0	0	0	0	1	0	0	0	0	1	0	1	0	0	0	1	0	0	0	0	1	1	0	1	0	1	0	0	1	1	0	1	0	0	0	0	0	1	1	0	0	0	1	0	1	1	1	0	0	0	0	0	0	0	1	1	0	0	0	1	0	0	0	0	1	1	0	0	0	0	0	0	1	0	0	1	1	0	0	0	0	0	1	0	0	0	1	1	1	0	0	0	0
173	WZ4003	1	0	1	1	1	1	0	0	0	0	1	0	0	0	1	1	0	1	0	1	0	0	0	1	1	0	0	0	0	0	1	0	1	1	0	0	0	0	1	1	0	1	0	1	1	0	1	1	0	1	1	0	0	1	1	1	1	0	0	0	0	0	0	1	1	1	1	0	0	0	0	0	1	1	1	0	0	0	0	1	1	1	0	0	1	0	1	0	0	0	1	0	0	0	0	0	0	0	0	0	1	0	0	0	0	1	0	1	0	0	1	0	1	0	0	0	0	1	0	0	0	1	1	1	0	1	0	1
174	PRT062607	1	0	0	0	1	0	0	1	0	0	1	0	1	0	0	1	0	0	1	1	0	0	0	0	0	1	0	0	0	0	1	0	1	1	0	0	0	0	0	1	1	0	0	1	1	1	1	0	0	0	0	0	0	1	1	0	0	0	0	0	0	0	0	1	1	0	0	0	1	0	0	1	0	1	1	1	0	0	0	0	0	1	0	1	0	0	1	0	0	1	0	0	0	0	0	0	0	0	1	0	1	0	0	0	0	0	0	1	0	0	1	1	0	0	0	0	1	1	0	1	1	0	1	1	0	1	0	1
175	Fludarabine	1	1	0	0	0	0	0	1	1	1	0	0	0	0	0	0	1	0	0	1	0	0	0	0	1	0	0	0	0	0	0	0	1	0	0	1	1	1	0	1	0	0	0	0	1	0	0	0	0	1	0	1	1	0	0	0	0	0	0	1	1	0	0	1	1	1	1	0	0	0	1	1	0	0	0	1	0	0	0	1	1	1	1	0	0	0	0	0	0	0	0	0	0	0	1	0	0	0	1	0	1	0	0	0	0	1	0	0	1	0	0	0	0	0	0	0	0	0	0	1	0	0	1	1	0	0	0	0
176	Wnt-C59	1	1	0	0	0	1	0	0	1	0	1	0	0	0	0	0	0	1	0	1	0	0	0	0	1	0	0	0	0	0	0	0	0	1	0	0	0	0	0	1	1	1	0	0	1	0	0	0	0	0	1	0	0	1	1	0	0	0	1	0	0	0	0	1	1	0	0	1	0	1	0	0	0	0	1	1	0	0	0	0	1	1	0	0	0	0	1	0	0	0	1	1	1	0	0	0	1	0	0	0	1	0	0	0	0	0	0	1	0	0	0	0	1	0	0	0	0	1	0	0	0	1	1	0	0	1	0	1
177	Irinotecan	0	0	1	1	1	1	0	1	1	0	1	0	1	0	0	0	1	1	0	0	0	0	0	0	0	0	1	0	1	1	1	0	0	1	0	0	1	0	1	1	0	1	0	1	0	1	1	1	0	0	0	0	0	0	0	1	1	1	1	0	1	1	1	1	1	1	1	1	0	0	0	1	1	1	0	0	0	1	1	1	1	1	0	0	0	0	1	0	1	1	0	0	0	0	0	0	0	1	0	0	1	0	0	0	0	1	0	1	0	0	0	1	0	1	1	1	1	0	1	1	1	0	1	1	0	1	0	1
178	LY2109761	0	0	0	1	1	0	0	0	0	0	1	1	0	1	1	0	1	0	0	1	0	1	0	0	0	0	0	0	0	1	1	1	0	1	1	0	1	0	0	1	1	0	0	0	1	1	0	1	0	0	0	0	0	0	1	1	1	1	0	1	0	0	0	0	1	1	1	1	1	1	0	0	1	1	1	0	0	1	1	0	1	1	0	1	1	0	1	1	0	0	0	0	0	1	0	0	1	0	0	0	1	1	0	0	0	0	0	1	1	0	0	0	0	0	1	0	0	0	0	1	0	1	1	0	0	1	0	1
179	Topotecan	0	0	1	0	0	1	1	0	1	0	1	1	1	0	0	0	1	1	1	0	1	0	0	0	0	0	1	0	1	1	1	0	0	1	0	0	1	0	1	1	0	0	0	0	0	0	0	0	0	0	0	0	1	0	0	0	0	1	1	0	1	0	0	1	0	1	1	1	0	0	0	1	0	1	0	0	0	1	0	0	1	1	0	0	1	0	1	0	1	0	0	0	0	1	0	0	0	1	0	0	1	0	0	0	0	1	0	1	0	0	0	1	0	1	1	1	0	0	0	1	1	0	1	1	0	0	0	0
180	VE-822	1	1	0	0	0	1	1	0	1	0	1	1	0	0	0	0	1	0	0	1	1	0	1	0	0	0	1	1	0	0	0	0	0	1	0	1	0	0	0	0	0	0	0	0	1	0	0	0	1	1	0	1	0	0	1	0	0	1	0	0	0	0	1	1	0	1	1	1	1	0	0	0	0	0	0	1	0	0	0	1	1	1	0	0	1	0	1	0	0	0	1	0	0	0	1	1	0	0	0	0	1	0	0	0	0	0	1	1	0	0	0	0	0	0	0	0	0	0	0	0	1	1	1	0	0	0	1	1
181	Erlotinib	1	0	0	0	0	1	0	0	0	0	0	0	1	1	0	1	0	0	1	1	0	1	0	0	0	0	1	0	0	0	0	0	0	1	1	0	1	0	0	0	0	0	0	0	1	0	0	0	0	0	1	0	0	0	0	1	0	0	0	0	0	0	0	1	1	0	0	0	1	0	1	0	0	1	1	0	0	1	1	0	1	1	0	0	0	0	1	1	0	0	0	0	0	1	0	0	0	0	0	0	1	0	1	1	0	1	0	1	0	1	1	0	1	0	0	1	0	0	0	0	1	0	1	0	0	1	0	0
182	ML323	1	1	0	0	0	0	0	0	1	0	0	0	0	0	0	0	0	0	0	0	1	0	0	0	1	1	0	1	0	1	0	0	0	1	0	0	0	1	0	1	0	0	0	0	1	1	0	1	0	0	0	0	0	0	1	0	0	0	1	0	0	0	0	1	1	0	0	0	1	1	0	0	0	0	1	0	0	1	1	1	1	1	1	0	1	0	1	0	1	0	1	1	0	0	1	0	1	0	0	1	1	0	0	0	0	1	0	0	0	1	0	1	0	0	0	1	0	0	0	1	0	1	1	0	0	1	1	1
183	AZD4547	1	1	0	1	0	0	1	1	0	0	1	0	0	1	0	0	0	0	0	0	1	0	0	1	1	0	0	0	0	1	1	0	0	1	0	0	0	0	0	1	1	0	0	0	1	1	1	1	0	0	0	0	0	0	1	1	0	0	0	1	0	1	0	0	0	0	1	0	0	0	0	0	0	1	1	1	1	0	0	0	1	1	0	0	1	0	1	0	1	0	1	1	0	0	0	0	0	0	0	1	1	0	1	0	0	1	0	1	0	0	0	0	0	0	0	1	0	0	0	0	0	0	1	1	1	1	0	0
184	LCL161	1	1	1	0	1	0	1	0	1	1	1	0	0	0	0	0	1	0	1	1	0	0	1	0	0	0	0	1	1	0	1	1	1	1	0	1	0	0	0	1	1	0	1	0	0	1	0	0	1	0	0	1	0	0	0	0	0	0	1	1	0	1	1	1	0	1	0	0	0	0	0	0	1	0	0	0	0	1	0	0	0	1	0	0	0	0	1	1	0	0	1	0	0	1	0	0	0	0	1	0	1	1	0	1	0	1	0	0	1	0	0	1	0	0	1	1	0	1	0	0	0	0	1	1	0	1	0	0
185	Bortezomib	1	1	1	0	0	1	0	0	0	0	1	0	0	0	0	1	0	0	0	0	0	0	0	0	0	0	0	1	0	1	0	0	0	1	0	0	0	0	0	1	1	0	1	0	1	0	0	1	0	0	1	0	1	0	0	1	0	0	0	0	0	1	1	0	1	0	0	1	0	0	0	0	0	0	1	0	0	0	0	1	1	1	0	0	0	0	1	1	0	1	1	0	0	0	0	0	1	0	0	1	1	1	1	0	0	0	0	0	0	0	0	0	0	0	0	0	0	1	0	1	0	0	1	0	0	1	0	1
186	Camptothecin	0	0	1	0	0	0	1	0	1	0	1	0	1	0	0	0	1	1	1	0	0	0	0	0	0	0	1	0	1	1	1	1	0	1	0	0	1	0	1	1	0	0	0	0	0	0	0	1	0	0	0	0	0	0	0	0	0	1	1	0	1	0	0	1	1	0	1	1	0	0	0	1	1	1	0	0	0	0	0	0	1	1	0	0	1	0	1	0	1	0	0	0	0	0	0	0	0	1	0	0	1	0	0	0	0	1	0	1	0	0	0	1	0	1	0	1	0	0	0	0	1	0	1	0	0	0	0	0
187	Vinorelbine	1	0	1	0	0	0	0	1	1	1	1	1	0	0	1	1	0	0	0	1	1	0	1	1	0	0	1	0	0	1	1	0	1	1	1	1	1	1	1	1	0	0	1	0	0	0	1	1	0	0	1	1	0	1	1	1	0	0	1	0	1	0	1	0	1	1	0	1	0	1	1	1	1	1	1	0	1	1	0	0	1	1	1	0	1	0	1	1	0	0	1	0	0	0	0	1	1	0	1	1	1	0	1	1	1	1	1	1	1	0	1	0	1	0	0	0	0	0	0	1	1	1	1	1	1	1	1	0
188	Wee1 Inhibitor	0	0	0	1	0	0	0	0	0	0	1	0	1	0	1	0	0	0	0	1	0	0	0	0	0	0	0	0	0	0	0	0	0	1	0	0	1	0	0	1	0	0	0	0	0	0	1	1	0	1	0	0	0	0	0	0	0	0	1	0	0	0	0	0	1	0	1	0	0	0	0	0	0	0	0	0	1	1	1	0	0	1	0	1	0	0	1	0	1	0	1	0	0	0	0	1	1	0	0	0	1	0	0	0	0	1	0	1	1	1	1	0	0	0	0	0	0	0	0	1	0	1	0	0	0	1	1	0
189	Cediranib	1	0	1	0	1	0	0	0	1	0	0	0	1	1	1	0	0	1	1	1	0	1	0	0	0	0	0	0	0	0	1	0	0	1	0	0	0	1	0	1	0	0	1	0	1	0	0	0	1	0	1	0	0	0	0	1	0	0	1	1	0	0	0	0	0	0	0	0	1	0	0	0	1	1	1	0	0	1	1	0	1	1	0	0	0	0	1	0	0	0	1	1	0	1	1	0	0	0	0	0	1	0	0	0	0	1	0	1	0	0	1	0	1	0	0	0	0	0	0	1	0	1	1	0	0	0	0	1
190	AZD5582	1	1	1	1	1	0	0	0	0	0	1	0	0	0	0	1	0	1	0	1	0	0	1	1	0	0	0	1	1	0	1	0	0	1	1	0	0	0	0	1	0	0	0	0	1	1	0	1	1	1	0	1	0	0	0	1	0	0	1	0	0	1	1	0	1	1	0	0	0	1	0	0	1	0	0	0	0	0	0	0	1	1	0	0	1	0	1	1	0	0	0	1	0	1	0	0	0	0	1	0	1	1	0	1	1	1	0	0	1	0	0	0	1	0	1	1	1	1	0	0	0	0	1	1	1	1	0	1
191	Afuresertib	1	1	0	0	0	0	1	0	1	1	1	1	0	0	0	1	0	0	0	1	0	0	0	0	0	1	0	0	0	0	0	0	0	1	1	1	0	0	0	1	0	0	1	1	0	0	0	0	0	1	0	0	1	0	0	1	0	0	0	1	0	0	0	0	1	0	0	0	1	0	1	0	0	0	0	0	0	0	0	1	1	1	0	0	0	1	1	0	1	0	1	0	0	0	0	0	1	0	0	1	1	0	1	0	0	1	0	1	1	0	1	0	0	0	1	0	0	1	0	0	0	1	1	0	0	1	0	1
192	Dasatinib	1	1	0	0	0	0	0	0	0	0	1	0	0	0	0	1	0	0	0	1	0	0	0	1	1	0	0	0	0	1	1	0	0	1	1	1	0	0	0	1	0	0	0	0	1	0	0	0	0	1	0	0	0	0	0	0	1	1	1	0	0	0	1	1	1	1	0	0	1	0	0	0	1	0	1	1	0	1	1	1	1	1	1	0	0	0	1	0	0	1	0	0	0	1	1	0	0	0	0	0	1	0	1	0	1	0	0	1	0	0	1	1	0	0	0	0	0	1	1	0	0	1	1	0	0	1	0	1
193	Savolitinib	0	1	1	1	0	1	0	0	1	0	0	1	1	0	0	0	0	0	0	1	0	0	0	0	1	0	0	1	0	1	1	1	1	1	0	0	0	0	1	1	0	0	0	1	1	0	0	0	0	0	0	1	0	0	0	0	0	0	0	1	0	1	0	1	1	0	1	0	0	0	0	1	0	1	1	0	0	1	0	0	1	1	0	0	1	1	1	0	1	0	0	0	1	1	0	0	1	0	1	0	1	1	0	1	0	1	0	0	0	1	0	0	0	1	0	0	0	0	0	1	0	1	1	1	0	0	0	1
194	Entinostat	1	1	0	1	0	1	0	0	0	0	1	0	0	0	1	0	0	0	0	1	0	0	0	0	1	0	0	0	0	1	0	0	1	1	0	0	0	1	0	1	0	0	1	0	0	0	0	1	1	1	1	1	0	1	1	1	0	0	0	0	0	0	0	0	1	0	0	1	0	1	0	0	1	0	1	0	0	0	0	0	1	1	0	1	0	0	1	0	0	0	1	0	0	0	1	0	0	0	0	0	1	0	1	1	0	1	0	0	0	0	1	0	0	0	0	0	0	0	0	0	0	0	1	0	0	1	1	1
195	AZD1208	0	0	0	0	1	1	0	0	1	0	1	0	0	0	0	1	0	1	1	1	0	0	0	1	0	1	0	1	0	1	1	1	0	0	0	1	1	0	0	1	1	0	1	0	0	1	0	1	0	0	0	0	0	0	1	0	0	1	1	0	0	0	1	0	1	1	1	0	0	0	1	0	1	0	0	0	0	0	0	0	0	1	0	0	0	0	1	1	1	0	1	0	0	0	1	0	1	0	0	1	1	0	0	0	0	0	0	0	0	1	0	0	0	0	0	0	0	0	0	0	0	1	0	1	1	0	0	0
196	Ulixertinib	1	1	0	0	1	0	0	1	1	1	1	0	0	0	0	1	0	0	0	1	0	0	0	0	1	0	0	1	0	0	0	1	0	1	0	1	1	1	1	1	0	0	0	0	1	1	0	1	0	1	1	0	0	0	0	0	0	0	0	0	0	0	0	0	1	1	0	0	0	0	0	0	0	0	0	1	0	0	0	0	1	1	0	0	0	1	1	1	1	0	1	0	0	1	1	0	1	1	1	0	1	0	1	0	0	0	0	1	0	0	1	0	0	0	0	1	0	1	0	0	0	0	1	0	0	1	0	1
197	Tozasertib	1	0	1	0	0	0	0	1	0	0	1	0	1	0	1	1	0	1	0	1	0	0	0	1	1	0	0	0	0	0	1	0	0	1	0	0	0	0	0	1	1	0	0	1	1	1	0	0	0	1	0	0	1	1	0	0	0	1	1	1	0	0	1	1	0	1	0	0	0	0	0	0	1	1	1	1	0	0	1	1	1	1	0	0	1	0	1	0	0	0	1	1	0	0	0	0	0	0	0	0	1	0	0	1	1	0	0	1	0	0	0	0	0	0	0	0	1	0	0	0	0	1	1	1	1	1	0	0
198	GSK343	1	1	0	1	0	0	0	0	1	1	1	0	0	0	1	1	0	1	1	1	0	0	0	1	0	0	1	1	0	1	1	0	0	1	0	0	1	1	1	1	1	0	0	1	1	1	0	0	0	1	0	0	0	0	0	0	0	0	1	1	0	0	1	0	0	0	1	0	0	1	0	1	1	0	1	0	0	1	0	1	1	1	0	0	1	0	1	0	0	0	1	1	0	0	0	0	0	0	0	0	1	0	1	1	0	0	1	1	0	1	1	0	0	0	1	1	1	0	0	0	0	1	1	1	0	1	0	1
199	OTX015	1	0	0	0	0	1	0	0	1	0	1	0	1	0	0	0	1	0	0	1	0	1	0	0	1	0	0	0	0	0	0	0	1	1	1	1	0	0	0	1	1	1	0	0	1	0	1	0	1	1	0	0	1	1	0	0	0	1	1	0	0	0	1	1	0	0	1	0	0	0	1	0	0	1	0	1	0	0	0	0	1	1	0	1	1	1	1	0	1	0	0	0	0	0	0	0	0	0	1	0	1	0	0	0	0	1	1	0	1	0	0	0	0	1	1	0	0	1	0	0	0	0	1	1	1	1	0	1
200	Mitoxantrone	1	1	0	1	0	0	0	0	1	0	1	0	0	0	0	0	0	0	0	0	0	0	0	0	0	0	1	1	0	0	0	0	0	0	0	0	0	0	0	1	0	0	1	0	0	0	0	0	0	0	0	0	0	1	0	0	0	0	1	0	0	0	0	1	1	0	1	1	1	0	0	1	1	0	0	1	0	0	0	0	1	1	0	1	0	0	1	0	0	1	0	0	0	0	1	0	0	0	0	0	1	0	0	0	0	0	0	0	1	1	0	0	0	0	0	0	0	0	0	0	0	0	0	0	0	0	1	0
201	Carmustine	1	0	0	0	1	0	0	0	0	0	1	0	0	0	0	0	0	1	0	1	0	0	0	0	0	0	0	1	0	0	0	1	1	0	0	0	0	1	0	1	0	0	0	0	0	1	0	1	1	0	0	0	0	0	0	0	0	0	0	1	0	0	0	0	0	1	0	0	0	1	0	0	0	0	0	0	0	0	0	0	1	0	0	1	0	1	0	0	0	1	0	0	0	0	0	0	0	0	0	0	0	0	0	0	0	0	0	0	0	0	0	0	0	1	0	0	0	0	0	0	0	0	0	0	0	1	0	0
202	Crizotinib	0	1	1	0	0	0	0	0	1	0	0	0	0	0	0	0	0	0	0	1	0	0	0	0	1	1	1	1	1	0	1	0	1	1	0	0	0	0	0	1	0	0	0	1	1	1	0	0	1	1	1	1	0	0	0	1	0	0	0	1	0	0	0	0	0	0	1	1	0	1	0	0	1	0	0	0	0	1	0	1	1	1	0	0	0	0	1	0	1	0	1	0	0	1	1	0	0	0	1	0	1	0	0	0	0	1	0	1	1	0	1	0	0	0	0	1	0	0	1	0	0	0	1	1	0	1	1	1
203	AZD5153	1	0	0	0	0	1	1	0	0	0	1	1	1	1	0	1	0	0	0	0	0	0	0	1	0	0	0	0	1	1	1	0	1	1	1	0	1	0	0	1	1	0	0	0	1	1	0	0	0	0	0	1	0	0	0	1	0	0	1	0	0	0	0	0	1	0	1	0	0	0	0	0	1	1	1	1	1	0	1	1	1	1	0	0	0	0	1	0	1	0	0	0	0	0	1	0	0	0	0	0	1	0	1	0	0	1	0	0	0	0	1	0	0	1	0	0	0	0	1	0	1	1	1	1	0	0	0	1
204	AZD5438	1	1	0	1	0	0	0	0	0	0	1	1	0	0	0	1	0	0	0	1	0	1	0	0	0	0	0	1	1	1	0	0	0	1	0	0	1	0	0	1	1	0	0	0	1	0	1	0	0	0	1	0	1	0	0	0	0	0	1	1	0	1	0	1	0	0	0	0	1	0	0	0	0	0	1	1	0	0	0	0	0	1	0	0	1	0	1	0	0	0	0	0	0	0	1	0	0	0	0	0	1	0	1	0	0	0	0	1	1	0	0	0	0	0	0	0	1	0	0	0	0	0	1	1	1	0	0	1
205	Entospletinib	1	0	0	1	0	0	0	0	1	0	1	1	0	0	0	0	1	0	0	0	0	0	0	1	1	0	0	0	0	0	1	0	1	1	0	1	1	0	1	1	0	0	0	0	1	0	0	1	0	0	0	0	1	0	1	0	0	0	0	1	0	0	0	1	0	0	0	0	1	0	0	0	1	0	1	1	0	1	0	0	1	1	0	0	1	0	1	1	1	0	1	0	0	0	0	1	1	1	0	0	1	0	0	0	0	1	0	1	0	0	0	1	0	0	0	0	1	0	1	1	1	1	1	0	0	1	0	1
206	AT13148	1	1	0	0	0	0	0	1	1	1	0	0	0	0	0	0	0	0	1	1	0	0	0	0	0	0	0	0	0	0	0	1	0	0	0	0	0	0	1	1	1	0	0	0	1	0	1	0	1	1	0	0	0	0	0	1	0	0	0	0	0	0	0	0	0	0	0	0	0	0	0	0	0	0	0	0	0	0	0	0	1	1	0	0	1	1	1	1	1	0	1	0	0	0	0	0	0	1	0	0	1	0	0	1	0	0	1	0	0	0	0	0	0	0	1	0	1	0	0	0	0	0	1	0	0	0	0	1
207	I-BRD9	0	0	0	1	0	0	1	0	1	1	1	0	1	0	0	1	0	0	0	1	1	0	1	0	0	0	0	1	0	0	1	0	1	1	1	1	0	0	1	1	0	1	0	0	0	1	0	1	0	0	0	1	0	0	1	0	0	0	1	0	1	0	0	0	1	0	0	1	0	1	0	0	0	0	0	0	0	1	0	1	1	1	1	0	1	1	1	0	0	0	0	0	0	0	0	1	1	1	0	0	1	0	1	0	0	0	0	1	1	0	0	0	1	1	1	0	0	1	0	1	1	0	0	1	0	0	0	0
208	AZD3759	1	0	0	0	0	1	1	1	1	0	1	0	1	0	1	1	0	0	1	1	0	0	0	0	0	0	1	0	0	1	1	0	1	1	0	0	0	1	0	1	0	1	0	0	1	0	0	0	1	1	1	1	0	0	0	1	0	0	0	1	0	0	0	0	1	1	0	0	1	0	1	0	1	1	1	0	0	1	1	1	0	1	0	0	0	0	1	1	0	0	0	0	0	1	1	0	0	1	0	1	1	0	0	0	0	1	0	1	0	0	1	0	1	1	1	0	0	0	0	0	0	1	1	1	0	1	0	0
209	MN-64	1	1	0	0	0	0	0	0	1	0	1	1	1	0	0	0	1	0	0	0	0	0	0	0	1	0	1	1	0	0	0	0	0	1	0	0	0	1	0	0	0	0	0	0	0	0	0	1	0	1	0	0	0	0	0	0	0	0	1	0	0	1	0	0	1	0	0	0	1	0	0	0	0	0	0	0	0	1	0	0	0	1	0	0	0	1	1	0	1	0	0	0	0	0	0	0	0	1	0	0	1	0	0	0	1	0	0	1	0	1	0	0	1	0	0	0	0	0	1	0	0	1	0	0	0	0	0	0
210	Alpelisib	1	1	0	1	1	1	0	0	1	0	1	0	1	0	0	0	0	1	0	1	0	1	0	0	1	0	0	0	0	0	1	1	1	1	1	1	0	0	0	1	1	0	0	0	1	1	1	0	0	0	0	0	0	0	0	0	0	0	1	1	0	1	1	1	0	1	0	0	1	1	0	0	1	0	1	0	1	0	0	0	0	1	0	0	0	0	1	0	1	0	1	0	1	0	0	0	0	0	1	0	1	0	0	1	0	0	0	1	1	1	0	0	0	0	1	0	0	0	0	0	0	0	1	1	0	1	0	0
211	AZ960	1	1	1	0	0	0	1	0	1	0	0	0	1	0	0	0	1	0	0	0	0	0	1	0	0	0	0	1	0	0	0	1	0	1	1	0	0	0	0	0	0	0	0	0	1	1	0	0	1	0	1	0	1	0	0	1	0	0	1	1	0	1	0	1	0	0	0	0	1	0	1	1	0	1	1	1	0	0	0	0	0	1	0	0	1	1	1	0	0	0	1	1	0	0	1	0	0	0	0	0	1	0	0	0	1	1	0	1	0	0	0	0	1	0	0	0	0	0	0	1	0	0	1	0	1	0	1	0
212	MK-1775	1	0	0	1	1	0	0	0	1	1	1	0	0	0	1	1	0	0	0	0	0	0	0	1	0	0	0	0	1	1	1	0	1	1	0	0	0	0	0	1	0	0	0	0	1	0	1	1	0	0	1	0	0	0	1	0	1	1	1	0	0	0	0	1	1	0	0	0	0	0	1	0	1	0	1	1	0	1	0	1	1	1	0	0	1	0	1	0	0	1	1	0	0	0	1	1	0	0	0	1	1	0	0	0	0	1	0	1	0	1	1	1	0	0	1	0	1	0	0	1	1	1	1	0	0	1	0	1
213	BIBR-1532	1	0	0	0	0	1	0	0	1	0	1	0	0	0	0	0	0	0	0	0	0	0	0	1	1	0	0	0	0	1	1	0	1	1	0	1	0	0	0	1	0	0	0	0	0	0	0	1	0	0	1	0	1	0	1	0	0	0	0	0	0	0	0	1	1	0	1	0	0	0	0	1	1	0	0	1	0	0	0	0	0	1	0	0	0	0	1	0	0	0	0	0	0	0	0	0	1	0	0	0	1	0	0	0	0	1	0	1	0	0	0	0	0	0	1	0	0	0	0	1	1	1	0	0	0	1	0	0
214	Pyrimethamine	1	0	0	0	0	0	0	1	1	0	1	0	0	0	0	0	0	1	0	1	0	0	0	0	0	1	0	0	0	0	0	0	0	1	0	0	0	0	1	0	0	0	1	0	0	0	1	0	1	1	0	1	0	0	0	0	0	0	0	0	0	1	0	1	0	0	0	0	0	0	0	0	0	0	0	0	0	0	0	0	1	1	1	1	0	0	1	0	1	0	0	0	0	0	0	0	0	0	0	0	1	0	0	0	1	1	0	0	0	0	0	0	1	0	0	0	0	0	0	0	0	0	1	0	0	0	0	0
215	Cyclopamine	0	0	0	0	0	1	0	1	0	0	1	0	1	0	1	0	1	0	0	0	1	1	1	0	0	0	0	1	0	1	1	0	0	1	0	0	1	0	0	1	0	0	0	0	1	1	1	0	0	0	0	0	0	0	1	1	1	0	1	0	0	0	0	0	0	1	1	0	0	0	0	1	1	0	1	0	0	0	1	0	0	1	1	0	0	0	1	0	0	0	1	1	1	0	0	0	1	1	0	1	1	0	0	1	0	1	0	0	0	0	1	0	0	0	0	0	0	1	1	0	1	1	1	1	1	0	0	0
216	Pemetrexed	1	1	0	0	0	1	1	1	0	1	1	0	0	0	0	0	0	0	0	1	0	1	0	0	0	0	0	1	1	0	0	0	0	1	0	0	0	0	1	1	0	0	0	0	0	0	0	0	0	1	1	0	1	0	1	0	0	1	1	1	0	0	0	1	1	0	0	0	0	1	0	0	0	1	0	0	0	0	1	0	1	1	0	0	0	0	1	1	1	0	1	1	0	0	0	1	1	0	0	1	1	1	1	0	1	1	0	0	1	0	0	0	0	1	1	1	0	1	0	0	0	0	1	0	0	1	0	0
217	Sunitinib	1	0	1	0	1	0	1	0	1	0	1	0	0	0	1	1	0	0	0	0	0	0	0	0	0	1	0	1	0	0	0	1	0	1	1	0	1	0	1	1	0	0	0	0	0	0	0	0	0	0	0	0	1	0	1	0	0	0	1	1	0	1	1	0	0	0	0	0	0	1	1	0	1	0	1	0	0	0	1	1	1	1	1	0	0	0	1	0	0	0	1	0	0	0	0	0	1	0	0	0	1	0	1	0	0	0	0	1	1	0	0	0	1	1	0	0	0	0	0	0	0	1	0	1	1	1	0	0
218	PHA-665752	1	0	0	0	1	1	0	0	0	0	1	0	1	0	1	1	1	0	0	1	0	0	1	0	0	1	0	0	0	1	1	0	0	1	0	0	1	0	0	1	0	0	0	0	0	1	0	0	0	1	1	0	1	0	1	0	0	0	1	0	1	0	1	1	1	1	0	0	1	0	1	0	1	0	1	1	0	0	1	0	1	1	0	0	0	0	1	1	1	0	1	0	0	0	1	0	1	0	0	0	1	1	0	0	0	0	0	1	1	0	1	0	1	1	1	0	0	0	1	1	0	1	0	1	1	1	0	1
219	S-Trityl-L-cysteine	0	1	1	0	0	1	0	0	0	1	1	0	0	0	0	0	0	0	1	1	0	0	0	0	0	0	0	0	0	0	0	0	0	0	0	0	0	0	0	1	0	0	0	0	0	0	0	1	0	0	0	0	1	0	0	0	0	1	0	0	0	0	0	0	1	0	0	0	0	1	0	0	0	0	0	0	0	0	0	0	1	1	0	1	0	0	1	0	1	0	0	0	0	0	0	0	0	1	0	0	1	0	0	0	0	0	0	0	0	0	0	0	1	0	1	0	1	0	0	0	0	0	0	0	1	1	0	0
220	Panobinostat	1	0	0	0	0	0	0	0	0	0	1	1	0	0	0	0	0	1	0	1	0	0	0	0	0	1	0	1	1	1	0	1	0	1	0	0	0	1	0	1	1	0	0	0	0	0	0	1	0	0	0	0	1	0	1	0	0	0	1	0	0	0	0	0	1	0	0	1	1	1	1	1	0	0	0	0	0	1	0	0	1	1	0	0	0	0	1	0	0	0	1	1	0	0	0	1	0	0	0	1	1	0	0	0	0	1	0	0	1	0	1	0	0	1	1	0	0	0	0	1	0	0	0	0	0	1	1	1
221	SU11274	0	0	0	0	1	0	0	1	0	0	1	1	0	0	1	1	0	1	0	1	0	0	0	0	0	1	0	0	0	1	1	0	1	1	0	0	1	1	0	1	0	0	0	0	0	0	1	1	0	1	0	0	1	1	1	0	1	0	1	0	0	0	1	1	1	1	0	0	1	0	1	0	1	0	1	1	0	0	1	1	1	1	0	0	1	0	1	0	1	1	1	0	0	0	1	0	1	0	0	0	1	1	0	0	0	0	0	1	1	0	0	0	1	1	0	1	0	0	0	0	0	1	0	0	1	1	0	0
222	Parthenolide	0	0	0	1	0	0	0	0	0	0	1	0	0	0	0	1	1	0	0	0	0	0	0	0	0	1	0	0	0	0	1	0	0	1	0	1	1	0	1	0	0	0	0	1	1	1	1	0	1	0	1	0	0	0	0	0	0	0	1	1	0	0	0	0	1	0	0	1	0	0	0	1	0	0	1	0	0	0	0	0	0	1	0	0	0	0	1	0	1	0	0	0	0	1	0	0	0	0	0	0	1	0	0	0	1	0	0	0	0	0	1	0	0	1	0	0	1	1	0	0	0	0	1	1	0	1	0	1
223	Trichostatin A	1	1	1	0	0	1	0	0	0	0	1	1	0	0	0	0	0	0	0	0	0	0	0	0	1	0	0	1	0	1	0	1	0	1	0	0	1	0	0	1	0	0	0	1	0	0	0	0	0	0	0	0	0	0	1	0	0	0	0	0	0	0	0	0	1	0	0	0	0	0	0	0	1	0	0	0	0	0	1	0	1	1	0	0	0	0	1	0	0	0	0	0	1	0	0	1	0	1	0	1	1	0	0	0	0	1	0	0	0	0	1	0	1	1	0	0	0	0	0	0	0	1	0	0	1	1	0	0
224	CI-1033	1	0	0	0	0	1	0	0	1	0	1	1	1	1	0	0	1	0	1	1	0	0	0	0	1	0	1	0	0	1	1	0	0	1	1	1	0	0	0	1	1	0	0	0	1	1	0	0	1	1	1	0	0	0	1	1	0	1	0	1	0	0	0	1	0	0	0	1	1	0	0	0	1	1	1	1	0	1	0	0	1	1	0	0	0	0	1	1	1	0	0	0	0	0	0	0	0	0	0	0	1	0	0	0	0	1	0	1	0	1	1	0	0	0	0	0	0	0	0	1	1	1	1	0	0	1	0	1
225	Imatinib	1	1	0	1	0	0	0	0	1	0	1	0	0	0	1	1	1	0	1	1	0	0	0	0	1	0	0	1	0	1	1	0	0	1	0	0	1	0	0	1	0	0	0	1	1	0	1	0	0	0	1	0	0	1	1	0	1	0	1	0	0	1	0	1	1	0	0	1	0	0	0	0	1	0	1	1	0	0	0	1	1	1	0	0	1	0	1	0	0	0	1	0	0	0	0	0	1	0	0	0	1	1	1	0	0	1	0	1	0	0	0	1	0	0	0	0	1	0	0	0	0	1	1	0	0	1	0	1
226	Seliciclib	1	1	0	0	0	1	0	0	1	0	1	0	0	0	1	1	0	0	0	0	0	0	0	0	0	0	1	1	0	1	0	0	1	1	0	0	1	1	1	1	0	0	1	1	1	0	1	1	0	0	1	0	0	1	0	1	1	0	0	0	1	0	0	1	1	0	0	0	1	0	1	1	0	0	0	1	0	0	0	0	1	1	0	0	1	0	1	0	0	0	1	0	0	0	1	0	0	1	1	0	1	0	0	0	0	0	0	0	1	0	0	0	0	0	0	0	0	0	1	0	0	0	1	0	0	0	1	1
